cat,median
Beauty/Bath & Body/Bath,9.0
Beauty/Bath & Body/Bathing Accessories,9.0
Beauty/Bath & Body/Cleansers,9.0
Beauty/Bath & Body/Other,9.0
Beauty/Bath & Body/Scrubs & Body Treatments,9.0
Beauty/Bath & Body/Sets,9.0
Beauty/Fragrance/Candles & Home Scents,9.0
Beauty/Fragrance/Kids,8.0
Beauty/Fragrance/Men,9.0
Beauty/Fragrance/Other,8.0
Beauty/Fragrance/Sets,9.0
Beauty/Fragrance/Women,9.0
Beauty/Hair Care/Conditioners,9.0
Beauty/Hair Care/Hair & Scalp Treatments,9.0
Beauty/Hair Care/Hair Color,9.0
Beauty/Hair Care/Hair Loss Products,9.0
Beauty/Hair Care/Hair Perms & Texturizers,8.0
Beauty/Hair Care/Hair Relaxers,10.0
Beauty/Hair Care/Other,9.0
Beauty/Hair Care/Shampoo & Conditioner Sets,9.0
Beauty/Hair Care/Shampoo Plus Conditioner,10.0
Beauty/Hair Care/Shampoos,9.0
Beauty/Hair Care/Styling Products,9.0
Beauty/Hair Care/Styling Tools,9.0
Beauty/Makeup/Body,9.0
Beauty/Makeup/Brushes & Applicators,9.0
Beauty/Makeup/Eyes,9.0
Beauty/Makeup/Face,9.0
Beauty/Makeup/Lips,9.0
Beauty/Makeup/Makeup Palettes,9.0
Beauty/Makeup/Makeup Remover,9.0
Beauty/Makeup/Makeup Sets,9.0
Beauty/Makeup/Nails,9.0
Beauty/Makeup/Other,9.0
Beauty/Other/Other,9.0
Beauty/Skin Care/Body,9.0
Beauty/Skin Care/Eyes,9.0
Beauty/Skin Care/Face,9.0
Beauty/Skin Care/Feet,9.0
Beauty/Skin Care/Hands & Nails,9.0
Beauty/Skin Care/Lips,9.0
Beauty/Skin Care/Maternity,8.5
Beauty/Skin Care/Other,8.0
Beauty/Skin Care/Sets & Kits,9.0
Beauty/Skin Care/Sun,9.0
Beauty/Tools & Accessories/Bags & Cases,9.0
Beauty/Tools & Accessories/Bathing Accessories,6.0
Beauty/Tools & Accessories/Cotton & Swabs,9.0
Beauty/Tools & Accessories/Epilators,8.5
Beauty/Tools & Accessories/Hair Coloring Tools,7.0
Beauty/Tools & Accessories/Hair Styling Tools,9.0
Beauty/Tools & Accessories/Makeup Brushes & Tools,9.0
Beauty/Tools & Accessories/Mirrors,9.0
Beauty/Tools & Accessories/Nail Tools,9.0
Beauty/Tools & Accessories/Other,9.0
Beauty/Tools & Accessories/Toiletry Kits,10.0
Beauty/Tools & Accessories/Tweezers,9.0
Beauty/Tools & Accessories/Waxing,9.5
Electronics/Cameras & Photography/Binoculars & Telescopes,9.0
Electronics/Cameras & Photography/Camcorders,9.0
Electronics/Cameras & Photography/Camera & Photo Accessories,9.0
Electronics/Cameras & Photography/Digital Cameras,9.0
Electronics/Cameras & Photography/Film Photography,9.0
Electronics/Cameras & Photography/Flashes & Flash Accessories,6.0
Electronics/Cameras & Photography/Lenses & Filters,8.0
Electronics/Cameras & Photography/Lighting & Studio,10.0
Electronics/Cameras & Photography/Other,8.0
Electronics/Cameras & Photography/Tripods & Supports,9.0
"Electronics/Car Audio, Video & GPS/Car Security & Convenience",12.0
"Electronics/Car Audio, Video & GPS/Car Speakers & Systems",8.0
"Electronics/Car Audio, Video & GPS/Car Stereos & Components",9.0
"Electronics/Car Audio, Video & GPS/Car Subwoofers",8.0
"Electronics/Car Audio, Video & GPS/Car Video",9.5
"Electronics/Car Audio, Video & GPS/GPS Accessories & Mounts",9.5
"Electronics/Car Audio, Video & GPS/GPS Units & Equipment",9.0
"Electronics/Car Audio, Video & GPS/Other",8.5
"Electronics/Car Audio, Video & GPS/Other Accessories",8.0
Electronics/Cell Phones & Accessories/Batteries,8.0
Electronics/Cell Phones & Accessories/Cables & Adapters,9.0
"Electronics/Cell Phones & Accessories/Cases, Covers & Skins",9.0
Electronics/Cell Phones & Accessories/Cell Phone Accessories,9.0
Electronics/Cell Phones & Accessories/Cell Phones & Smartphones,9.0
Electronics/Cell Phones & Accessories/Chargers & Cradles,9.0
Electronics/Cell Phones & Accessories/Headsets,9.0
Electronics/Cell Phones & Accessories/Other,9.0
Electronics/Cell Phones & Accessories/Screen Protectors,9.0
Electronics/Computers & Tablets/Components & Parts,9.0
Electronics/Computers & Tablets/Desktops & All-In-Ones,9.0
"Electronics/Computers & Tablets/Drives, Storage & Media",9.0
Electronics/Computers & Tablets/Laptops & Netbooks,9.0
Electronics/Computers & Tablets/Networking & Connectivity,9.0
Electronics/Computers & Tablets/Other,9.0
"Electronics/Computers & Tablets/Printers, Scanners & Supplies",9.0
Electronics/Computers & Tablets/iPad/Tablet/eBook Access,9.0
Electronics/Computers & Tablets/iPad/Tablet/eBook Readers,9.0
Electronics/Media/Blu-Ray,9.0
Electronics/Media/CD,9.0
Electronics/Media/DVD,9.0
Electronics/Media/Other,9.0
Electronics/Media/VHS,9.0
Electronics/Other/Other,9.0
"Electronics/TV, Audio & Surveillance/DVD & Blu-ray Players",9.0
"Electronics/TV, Audio & Surveillance/Gadgets",9.0
"Electronics/TV, Audio & Surveillance/Headphones",9.0
"Electronics/TV, Audio & Surveillance/Home Audio",10.0
"Electronics/TV, Audio & Surveillance/Home Speakers & Subwoofers",9.0
"Electronics/TV, Audio & Surveillance/Home Surveillance",9.0
"Electronics/TV, Audio & Surveillance/Other",7.5
"Electronics/TV, Audio & Surveillance/Portable Audio & Accessories",9.0
"Electronics/TV, Audio & Surveillance/Televisions",9.0
Electronics/Video Games & Consoles/Accessories,9.0
Electronics/Video Games & Consoles/Consoles,9.0
Electronics/Video Games & Consoles/Games,9.0
Electronics/Video Games & Consoles/Other,8.0
Electronics/Video Games & Consoles/Replacement Parts & Tools,8.0
Electronics/Video Games & Consoles/Strategy Guides,8.0
Electronics/Video Games & Consoles/Video Gaming Merchandise,9.0
Handmade/Accessories/Apron,10.0
Handmade/Accessories/Belt,13.0
Handmade/Accessories/Case,9.5
Handmade/Accessories/Charm,9.0
Handmade/Accessories/Cozy,6.0
Handmade/Accessories/Cuff,6.0
Handmade/Accessories/Eyewear,5.5
Handmade/Accessories/Gloves,9.0
Handmade/Accessories/Hair,9.0
Handmade/Accessories/Hat,10.0
Handmade/Accessories/Keychain,9.0
Handmade/Accessories/Lanyard,9.0
Handmade/Accessories/Leg Warmers,9.0
Handmade/Accessories/Men,9.0
Handmade/Accessories/Mirror,5.0
Handmade/Accessories/Necktie,8.0
Handmade/Accessories/Other,9.0
Handmade/Accessories/Patch,9.0
Handmade/Accessories/Pin,9.0
Handmade/Accessories/Pinback Button,9.0
Handmade/Accessories/Scarf,9.0
Handmade/Accessories/Wallet,8.0
Handmade/Accessories/Watch,12.0
Handmade/Accessories/Women,8.0
Handmade/Art/Aceo,9.0
Handmade/Art/Collages,9.0
Handmade/Art/Drawings,8.5
Handmade/Art/Illustration,8.0
Handmade/Art/Mixed Media,9.5
Handmade/Art/Other,9.0
Handmade/Art/Painting,9.0
Handmade/Art/Photography,8.5
Handmade/Art/Print,8.0
Handmade/Art/Printmaking,8.0
Handmade/Art/Sculptures,11.0
Handmade/Bags and Purses/Backpack,9.0
Handmade/Bags and Purses/Clutch,10.0
Handmade/Bags and Purses/Diaper Bag,16.0
Handmade/Bags and Purses/Hip Bag,8.0
Handmade/Bags and Purses/Laptop,8.5
Handmade/Bags and Purses/Novelty,8.0
Handmade/Bags and Purses/Other,12.0
Handmade/Bags and Purses/Pouch,9.0
Handmade/Bags and Purses/Purse,9.0
Handmade/Bags and Purses/Tote,9.0
Handmade/Bags and Purses/Wallet,11.0
Handmade/Bags and Purses/Wristlet,9.0
Handmade/Books and Zines/Book,8.0
Handmade/Books and Zines/Bookmark,9.5
Handmade/Books and Zines/Comic,12.0
Handmade/Books and Zines/Journal,9.0
Handmade/Books and Zines/Other,14.0
Handmade/Candles/Other,9.0
Handmade/Candles/Scrapbooking,11.0
Handmade/Candles/Stationery,13.0
Handmade/Candles/Sticker,11.0
Handmade/Ceramics and Pottery/Bowls,10.0
Handmade/Ceramics and Pottery/Coasters,9.0
Handmade/Ceramics and Pottery/Home Decor,9.0
Handmade/Ceramics and Pottery/Jewelry,1.0
Handmade/Ceramics and Pottery/Kitchen,6.0
Handmade/Ceramics and Pottery/Other,6.0
Handmade/Ceramics and Pottery/Planters,9.0
Handmade/Ceramics and Pottery/Sculptures,12.0
Handmade/Ceramics and Pottery/Supplies,9.0
Handmade/Ceramics and Pottery/Tiles,7.0
Handmade/Ceramics and Pottery/Vases,8.0
Handmade/Children/Accessories,11.0
Handmade/Children/Art,8.0
Handmade/Children/Baby,9.0
Handmade/Children/Clothing,8.0
Handmade/Children/Furniture,10.0
Handmade/Children/Jewelry,8.0
Handmade/Children/Other,5.0
Handmade/Children/Toddler,8.0
Handmade/Children/Toy,9.0
Handmade/Clothing/Children,7.0
Handmade/Clothing/Corset,9.0
Handmade/Clothing/Costume,9.0
Handmade/Clothing/Dress,4.5
Handmade/Clothing/Lingerie,9.0
Handmade/Clothing/Other,7.0
Handmade/Clothing/Shirt,8.0
Handmade/Clothing/Shoes,5.5
Handmade/Clothing/Tshirt,9.0
Handmade/Clothing/Women,8.0
Handmade/Crochet/Accessories,9.0
Handmade/Crochet/Afghan,7.0
Handmade/Crochet/Bags and Purses,8.0
Handmade/Crochet/Clothing,9.0
Handmade/Crochet/Doll,7.0
Handmade/Crochet/Hat,8.0
Handmade/Crochet/Housewares,10.5
Handmade/Crochet/Other,10.0
Handmade/Crochet/Scarf,10.5
Handmade/Crochet/Supplies,9.0
Handmade/Dolls and Miniatures/Animals,14.5
Handmade/Dolls and Miniatures/Art Doll,11.0
Handmade/Dolls and Miniatures/Artist Bears,15.0
Handmade/Dolls and Miniatures/Child Friendly,4.0
Handmade/Dolls and Miniatures/Fantasy,10.0
Handmade/Dolls and Miniatures/Fashion Dolls Apparel,4.0
Handmade/Dolls and Miniatures/Figurines,6.0
Handmade/Dolls and Miniatures/Human Figure Doll,9.5
Handmade/Dolls and Miniatures/Miniature,16.5
Handmade/Dolls and Miniatures/Other,12.0
Handmade/Dolls and Miniatures/Plush,5.5
Handmade/Dolls and Miniatures/Primitive,14.0
Handmade/Dolls and Miniatures/Scale Dollhouse Miniature,11.0
Handmade/Dolls and Miniatures/Scale Models,6.0
Handmade/Furniture/Fixture,19.0
Handmade/Furniture/Other,19.0
Handmade/Furniture/Shelf,5.0
Handmade/Geekery/Accessory,10.0
Handmade/Geekery/Fantasy,6.0
Handmade/Geekery/Gadget,9.0
Handmade/Geekery/Horror,8.0
Handmade/Geekery/Housewares,15.0
Handmade/Geekery/Humor,11.5
Handmade/Geekery/Jewelry,10.0
Handmade/Geekery/Magic,9.5
Handmade/Geekery/Other,8.0
Handmade/Geekery/Science,8.0
Handmade/Geekery/Toy,7.0
Handmade/Geekery/Videogame,17.0
Handmade/Glass/Beads,7.0
Handmade/Glass/Bottles,9.0
Handmade/Glass/Bowls,9.0
Handmade/Glass/Dishes,9.5
Handmade/Glass/Glassware,8.0
Handmade/Glass/Home Decor,9.0
Handmade/Glass/Jewelry,7.0
Handmade/Glass/Mirrors,18.0
Handmade/Glass/Ornaments,10.0
Handmade/Glass/Other,7.0
Handmade/Glass/Paperweights,7.5
Handmade/Glass/Sculptures,7.0
Handmade/Glass/Stained Glass,9.0
Handmade/Glass/Supplies,10.5
Handmade/Glass/Vases,19.0
Handmade/Holidays/Birthday,7.5
Handmade/Holidays/Christmas,9.0
Handmade/Holidays/Easter,12.5
Handmade/Holidays/Halloween,8.0
Handmade/Holidays/New Years,10.0
Handmade/Holidays/Other,7.0
Handmade/Holidays/Patriotic,19.0
Handmade/Holidays/St Patricks,8.0
Handmade/Holidays/Thanksgiving,10.0
Handmade/Holidays/Valentine,7.0
Handmade/Housewares/Bathroom,8.0
Handmade/Housewares/Cleaning,10.0
Handmade/Housewares/Entertaining/Serving,8.0
Handmade/Housewares/Home Decor,8.0
Handmade/Housewares/Kitchen,8.5
Handmade/Housewares/Lighting,10.0
Handmade/Housewares/Magnets,9.0
Handmade/Housewares/Office,11.0
Handmade/Housewares/Other,9.0
Handmade/Housewares/Pillows,9.0
Handmade/Housewares/Storage Solutions,4.0
Handmade/Housewares/Wall Decor,9.0
Handmade/Jewelry/Books and Zines,10.0
Handmade/Jewelry/Clothing,12.0
Handmade/Jewelry/Jewelry,9.0
Handmade/Jewelry/Music,7.0
Handmade/Jewelry/Other,8.0
Handmade/Knitting/Accessories,8.0
Handmade/Knitting/Bags and Purses,17.0
Handmade/Knitting/Blanket,10.0
Handmade/Knitting/Cozy,9.0
Handmade/Knitting/Doll,13.0
Handmade/Knitting/Hat,10.5
Handmade/Knitting/Knitting Supplies,9.0
Handmade/Knitting/Other,8.5
Handmade/Knitting/Scarf,13.0
Handmade/Knitting/Women,4.0
Handmade/Music/Equipment,8.0
Handmade/Music/Instrument,12.0
Handmade/Music/Other,9.5
Handmade/Music/Poster,8.5
Handmade/Music/Tape,10.0
Handmade/Music/Vinyl,9.0
Handmade/Needlecraft/Accessories,10.0
Handmade/Needlecraft/Clothing,15.0
Handmade/Needlecraft/Cross Stitch,9.0
Handmade/Needlecraft/Doll,10.0
Handmade/Needlecraft/Embroidery,8.0
Handmade/Needlecraft/Felted,9.0
Handmade/Needlecraft/Needlepoint,13.0
Handmade/Needlecraft/Other,11.0
Handmade/Needlecraft/Pattern,7.0
Handmade/Needlecraft/Pillow,9.0
Handmade/Needlecraft/Supplies,8.0
Handmade/Other/Other,9.0
Handmade/Others/Custom,9.0
Handmade/Others/Educational,14.0
Handmade/Others/Graphic Design,10.0
Handmade/Others/Magic,9.0
Handmade/Others/Other,10.0
Handmade/Others/Personalized,9.0
Handmade/Others/Religious,8.0
Handmade/Paper Goods/Bookmark,9.0
Handmade/Paper Goods/Calendar,7.0
Handmade/Paper Goods/Cards,9.0
Handmade/Paper Goods/Gift Wrap,9.0
Handmade/Paper Goods/Journal,9.0
Handmade/Paper Goods/Notebook,9.0
Handmade/Paper Goods/Origami,9.0
Handmade/Paper Goods/Other,8.5
Handmade/Paper Goods/Pad,6.0
Handmade/Paper Goods/Papermaking,10.0
Handmade/Paper Goods/Scrapbooking,9.0
Handmade/Paper Goods/Stationery,9.0
Handmade/Paper Goods/Sticker,9.0
Handmade/Paper Goods/Tag,7.0
Handmade/Patterns/Accessories,6.0
Handmade/Patterns/Baby,8.0
Handmade/Patterns/Beading,9.5
Handmade/Patterns/Crochet,8.0
Handmade/Patterns/Cross Stitch,8.0
Handmade/Patterns/Doll Clothing,7.5
Handmade/Patterns/Embroidery,6.0
Handmade/Patterns/Handmade,11.5
Handmade/Patterns/Knitting,10.0
Handmade/Patterns/Other,9.0
Handmade/Patterns/Painting,11.0
Handmade/Patterns/Quilt,12.5
Handmade/Patterns/Sewing,9.0
Handmade/Pets/Accessories,9.0
Handmade/Pets/Bed,10.0
Handmade/Pets/Blanket,9.0
Handmade/Pets/Bowl,9.0
Handmade/Pets/Clothing,9.0
Handmade/Pets/Collar,9.0
Handmade/Pets/Feeding,10.0
Handmade/Pets/Grooming,10.0
Handmade/Pets/House,15.0
Handmade/Pets/Leash,7.0
Handmade/Pets/Other,6.0
Handmade/Pets/Pet Lover,7.0
Handmade/Pets/Small Animal,9.5
Handmade/Pets/Tag,8.0
Handmade/Pets/Toy,8.0
Handmade/Quilts/Baby,7.0
Handmade/Quilts/Bed,8.0
Handmade/Quilts/Fabric Postcard,12.0
Handmade/Quilts/Other,9.0
Handmade/Quilts/Patch,7.0
Handmade/Quilts/Patchwork,11.5
Handmade/Quilts/Pillow,4.0
Handmade/Quilts/Trim,7.0
Handmade/Quilts/Wall Hanging,5.0
Handmade/Toys/Bear,6.0
Handmade/Toys/Children,8.0
Handmade/Toys/Doll Clothes,5.0
Handmade/Toys/Food,8.0
Handmade/Toys/Game,8.5
Handmade/Toys/Other,9.0
Handmade/Toys/Plush,6.0
Handmade/Toys/Sports,6.0
Handmade/Weddings/Accessories,9.0
Handmade/Weddings/Bags and Purses,11.0
Handmade/Weddings/Bouquets,9.0
Handmade/Weddings/Cake Toppers,9.0
Handmade/Weddings/Candles,9.0
Handmade/Weddings/Cards,10.5
Handmade/Weddings/Clothing,9.0
Handmade/Weddings/Decorations,9.0
Handmade/Weddings/Favors,9.0
Handmade/Weddings/Frames,6.0
Handmade/Weddings/Guest Books,11.0
Handmade/Weddings/Invitations,6.0
Handmade/Weddings/Jewelry,10.0
Handmade/Weddings/Just Married,7.5
Handmade/Weddings/Men,10.0
Handmade/Weddings/Other,9.0
Handmade/Weddings/Pillows,9.5
Handmade/Weddings/Something Blue,4.0
Handmade/Woodworking/Accessories,7.0
Handmade/Woodworking/Boxes,10.5
Handmade/Woodworking/Burning,14.0
Handmade/Woodworking/Carving,8.0
Handmade/Woodworking/Home Decor,9.0
Handmade/Woodworking/Jewelry,8.0
Handmade/Woodworking/Other,10.0
Handmade/Woodworking/Outdoor,7.0
Handmade/Woodworking/Sculptures,11.0
Handmade/Woodworking/Seasonal,9.0
Handmade/Woodworking/Signs,8.0
Handmade/Woodworking/Sports,6.0
Handmade/Woodworking/Supplies,7.0
Handmade/Woodworking/Toys,9.5
Home/Artwork/Drawings,8.0
"Home/Artwork/Lithographs, Etchings & Woodcuts",9.0
Home/Artwork/Other,9.0
Home/Artwork/Paintings,9.0
Home/Artwork/Photographs,10.0
Home/Artwork/Posters & Prints,9.0
Home/Bath/Bath Linen Sets,7.0
Home/Bath/Bath Rugs,9.0
Home/Bath/Bathroom Accessories,9.0
Home/Bath/Bathroom Furniture Sets,12.0
Home/Bath/Bathroom Shelves,13.0
Home/Bath/Other,11.0
Home/Bath/Towels,9.0
Home/Bedding/Bed Pillows,9.0
Home/Bedding/Bed in a Bag,6.0
Home/Bedding/Bedspreads & Coverlets,9.0
Home/Bedding/Blankets & Throws,9.0
Home/Bedding/Comforters & Sets,9.0
"Home/Bedding/Decorative Pillows, Inserts & Covers",9.0
Home/Bedding/Duvet Covers & Sets,9.0
Home/Bedding/Feather Beds,10.5
Home/Bedding/Inflatable Beds,10.0
Home/Bedding/Mattress Pads,8.0
Home/Bedding/Other,9.0
Home/Bedding/Quilts,9.0
"Home/Bedding/Shams, Bed Skirts & Bed Frame Draperies",7.0
Home/Bedding/Sheets & Pillowcases,9.0
Home/Cleaning Supplies/Air Fresheners,9.0
Home/Cleaning Supplies/Brushes,7.0
Home/Cleaning Supplies/Dusting,11.0
Home/Cleaning Supplies/Gloves,9.5
Home/Cleaning Supplies/Household Cleaners,9.0
Home/Cleaning Supplies/Jewelry Boxes & Organizers,6.0
Home/Cleaning Supplies/Mopping,10.0
Home/Cleaning Supplies/Other,9.0
Home/Cleaning Supplies/Paper Towels,10.0
Home/Cleaning Supplies/Sponges,7.0
Home/Cleaning Supplies/Sweeping,9.0
Home/Cleaning Supplies/Trash Bags,8.0
Home/Furniture/Bathroom Furniture,13.0
Home/Furniture/Bedroom Furniture,7.5
Home/Furniture/Home Bar Furniture,5.0
Home/Furniture/Home Entertainment Furniture,9.0
Home/Furniture/Home Office Furniture,8.0
Home/Furniture/Living Room Furniture,8.0
Home/Furniture/Other,9.0
Home/Furniture/Other Furniture,8.0
Home/Furniture/Replacement Parts,12.0
Home/Home Appliances/Air Conditioners,8.5
Home/Home Appliances/Air Purifiers,7.0
Home/Home Appliances/Dehumidifiers,9.0
Home/Home Appliances/Dishwashers,13.0
Home/Home Appliances/Fans,9.0
Home/Home Appliances/Freezers & Ice Makers,11.0
Home/Home Appliances/Garbage Disposals,5.0
Home/Home Appliances/Garment Steamers,9.0
Home/Home Appliances/Humidifiers,9.5
Home/Home Appliances/Irons & Ironing Boards,10.0
Home/Home Appliances/Kitchen Appliances,9.0
Home/Home Appliances/Microwaves,10.5
Home/Home Appliances/Refrigerators,8.0
Home/Home Appliances/Space Heaters,9.0
Home/Home Appliances/Vacuums & Floor Care,9.0
Home/Home Appliances/Washers & Dryers,8.5
Home/Home Appliances/Water Coolers & Filters,12.0
"Home/Home Appliances/Wine, Beer & Beverage Coolers",9.0
Home/Home Décor/Area Rugs & Pads,9.0
Home/Home Décor/Baskets,9.0
Home/Home Décor/Candles & Holders,9.0
Home/Home Décor/Clocks,9.0
Home/Home Décor/Decorative Pillows,9.0
Home/Home Décor/Doormats,10.5
Home/Home Décor/Doorstops,28.0
Home/Home Décor/Draft Stoppers,6.0
Home/Home Décor/Fireplaces & Accessories,7.0
Home/Home Décor/Home Décor Accents,9.0
Home/Home Décor/Home Fragrance,9.0
Home/Home Décor/Lamps& Accessories,9.0
Home/Home Décor/Mirrors,8.0
Home/Home Décor/Other,8.0
Home/Home Décor/Photo Albums & Frames,9.0
Home/Home Décor/Slipcovers,9.5
Home/Home Décor/Tapestries,9.0
Home/Home Décor/Vases,9.0
Home/Home Décor/Window Treatments,8.0
Home/Kids' Home Store/Kids' Bath,8.0
Home/Kids' Home Store/Kids' Bedding,9.0
Home/Kids' Home Store/Kids' Flatware,10.0
Home/Kids' Home Store/Kids' Furniture,8.0
Home/Kids' Home Store/Kids' Room Décor,9.0
Home/Kids' Home Store/Nursery Bedding,3.5
Home/Kids' Home Store/Nursery Décor,9.0
Home/Kids' Home Store/Nursery Furniture,4.0
Home/Kids' Home Store/Other,9.0
Home/Kitchen & Dining/Bakeware,9.0
Home/Kitchen & Dining/Coffee & Tea Accessories,9.0
Home/Kitchen & Dining/Cookware,8.0
Home/Kitchen & Dining/Dining & Entertaining,9.0
Home/Kitchen & Dining/Food Service Equipment & Supplies,9.0
Home/Kitchen & Dining/Home Brewing & Wine Making,11.0
Home/Kitchen & Dining/Kitchen & Table Linens,9.0
Home/Kitchen & Dining/Kitchen Knives & Cutlery Accessories,9.0
Home/Kitchen & Dining/Kitchen Utensils & Gadgets,9.0
Home/Kitchen & Dining/Other,8.0
Home/Kitchen & Dining/Small Appliances,9.0
Home/Kitchen & Dining/Storage & Organization,9.0
Home/Kitchen & Dining/Water Coolers & Filters,9.0
Home/Kitchen & Dining/Wine Accessories,9.0
Home/Other/Other,9.0
Home/Seasonal Décor/Birthday,10.0
Home/Seasonal Décor/Christmas,9.0
Home/Seasonal Décor/Day of the Dead,12.0
Home/Seasonal Décor/Easter,9.0
Home/Seasonal Décor/Halloween,9.0
Home/Seasonal Décor/Hanukkah,7.5
Home/Seasonal Décor/New Year's,7.5
Home/Seasonal Décor/Other,9.0
Home/Seasonal Décor/Patriotic,7.0
Home/Seasonal Décor/St Patrick's,9.0
Home/Seasonal Décor/Thanksgiving,9.0
Home/Seasonal Décor/Valentine,9.0
Home/Storage & Organization/Baskets & Bins,9.0
Home/Storage & Organization/Bathroom Storage & Organization,9.0
Home/Storage & Organization/Clothing & Closet Storage,8.0
Home/Storage & Organization/Garage Storage & Organization,10.5
Home/Storage & Organization/Holiday Décor Storage,8.5
Home/Storage & Organization/Jewelry Boxes & Organizers,9.0
Home/Storage & Organization/Kitchen Storage & Organization,8.5
Home/Storage & Organization/Laundry Storage & Organization,9.0
Home/Storage & Organization/Other,9.0
"Home/Storage & Organization/Racks, Shelves & Drawers",9.0
Home/Storage & Organization/Storage Cabinets,7.0
Home/Storage & Organization/Trash & Recycling,7.5
Kids/Bathing & Skin Care/Bathing Tubs & Seats,9.0
Kids/Bathing & Skin Care/Bathroom Safety,9.0
Kids/Bathing & Skin Care/Bubble Bath,8.5
Kids/Bathing & Skin Care/Conditioners,5.0
Kids/Bathing & Skin Care/Grooming & Healthcare Kits,8.5
Kids/Bathing & Skin Care/Non-Slip Bath Mats,9.5
Kids/Bathing & Skin Care/Other,9.0
Kids/Bathing & Skin Care/Shampoo,9.5
Kids/Bathing & Skin Care/Skin Care,9.0
Kids/Bathing & Skin Care/Soaps & Cleansers,9.0
Kids/Bathing & Skin Care/Travel Bathing Kits,9.0
Kids/Bathing & Skin Care/Washcloths & Towels,8.0
Kids/Boys (4+)/Accessories,9.0
Kids/Boys (4+)/Bottoms,9.0
Kids/Boys (4+)/Coats & Jackets,9.0
Kids/Boys (4+)/Other,9.0
Kids/Boys (4+)/Shoes,9.0
Kids/Boys (4+)/Swimwear,9.0
Kids/Boys (4+)/Top & T-shirts,9.0
Kids/Boys 0-24 Mos/Accessories,9.0
Kids/Boys 0-24 Mos/Bottoms,9.0
Kids/Boys 0-24 Mos/Coats & Jackets,9.0
Kids/Boys 0-24 Mos/One-Pieces,9.0
Kids/Boys 0-24 Mos/Other,9.0
Kids/Boys 0-24 Mos/Shoes,9.0
Kids/Boys 0-24 Mos/Swimwear,9.0
Kids/Boys 0-24 Mos/Tops & T-Shirts,9.0
Kids/Boys 2T-5T/Accessories,9.0
Kids/Boys 2T-5T/Bottoms,9.0
Kids/Boys 2T-5T/Coats & Jackets,8.0
Kids/Boys 2T-5T/One-Pieces,9.0
Kids/Boys 2T-5T/Other,9.0
Kids/Boys 2T-5T/Shoes,9.0
Kids/Boys 2T-5T/Swimwear,8.0
Kids/Boys 2T-5T/Tops & T-Shirts,9.0
Kids/Car Seats & Accessories/Accessories,9.0
Kids/Car Seats & Accessories/Car Seats,9.0
Kids/Car Seats & Accessories/Other,9.0
Kids/Diapering/Changing Kits,14.0
Kids/Diapering/Changing Pads & Covers,8.0
Kids/Diapering/Cloth Diapers,9.0
Kids/Diapering/Diaper Bags,9.0
Kids/Diapering/Diaper Pails & Refills,8.0
Kids/Diapering/Diaper Stackers & Caddies,9.5
Kids/Diapering/Disposable Diapers,9.0
Kids/Diapering/Other,13.0
Kids/Diapering/Powders & Lotions,9.0
Kids/Diapering/Washcloths & Towels,9.0
Kids/Diapering/Wipes & Holders,9.0
Kids/Feeding/Bottle-Feeding,9.0
Kids/Feeding/Breastfeeding,9.0
Kids/Feeding/Gift Sets,10.0
Kids/Feeding/Highchairs & Booster Seats,10.0
Kids/Feeding/Other,9.0
Kids/Feeding/Pacifiers & Accessories,9.0
Kids/Feeding/Pillows & Stools,10.5
Kids/Feeding/Storage & Containers,9.0
Kids/Gear/Activity Centers & Entertainers,9.0
Kids/Gear/Baby Gyms & Playmats,9.0
Kids/Gear/Baby Seats,9.0
Kids/Gear/Backpacks & Carriers,9.0
Kids/Gear/Bicycle Child Seats & Trailers,7.0
Kids/Gear/Harnesses & Leashes,10.5
Kids/Gear/Other,10.0
Kids/Gear/Playard Bedding,8.5
Kids/Gear/Playards,9.0
Kids/Gear/Shopping Cart Covers,9.0
"Kids/Gear/Swings, Jumpers & Bouncers",9.0
Kids/Gear/Travel Beds,9.5
Kids/Gear/Walkers,9.0
Kids/Girls (4+)/Accessories,9.0
Kids/Girls (4+)/Coats & Jackets,9.0
Kids/Girls (4+)/Dresses,9.0
Kids/Girls (4+)/Jeans,9.0
Kids/Girls (4+)/Other,9.0
Kids/Girls (4+)/Shoes,9.0
Kids/Girls (4+)/Swimwear,9.0
Kids/Girls (4+)/Tops & T-Shirts,9.0
Kids/Girls 0-24 Mos/Accessories,9.0
Kids/Girls 0-24 Mos/Bottoms,9.0
Kids/Girls 0-24 Mos/Coats & Jackets,9.0
Kids/Girls 0-24 Mos/Dresses,9.0
Kids/Girls 0-24 Mos/One-Pieces,9.0
Kids/Girls 0-24 Mos/Other,9.0
Kids/Girls 0-24 Mos/Shoes,9.0
Kids/Girls 0-24 Mos/Swimwear,9.0
Kids/Girls 0-24 Mos/Tops & T-Shirts,9.0
Kids/Girls 2T-5T/Accessories,9.0
Kids/Girls 2T-5T/Bottoms,9.0
Kids/Girls 2T-5T/Coats & Jackets,9.0
Kids/Girls 2T-5T/Dresses,9.0
Kids/Girls 2T-5T/One-Pieces,9.0
Kids/Girls 2T-5T/Other,9.0
Kids/Girls 2T-5T/Shoes,9.0
Kids/Girls 2T-5T/Swimwear,9.0
Kids/Girls 2T-5T/Tops & T-Shirts,9.0
Kids/Health & Baby Care/Humidifiers & Vaporizers,8.0
Kids/Health & Baby Care/Nail Care,11.5
Kids/Health & Baby Care/Nasal Aspirators,10.0
Kids/Health & Baby Care/Other,9.0
Kids/Health & Baby Care/Sun Protection,10.0
Kids/Health & Baby Care/Teethers,9.0
Kids/Health & Baby Care/Teething Relief,8.0
Kids/Health & Baby Care/Thermometers,8.0
Kids/Health & Baby Care/Toothbrushes,7.0
Kids/Nursery/Bedding,9.0
Kids/Nursery/Furniture,10.0
Kids/Nursery/Nursery Décor,9.0
Kids/Nursery/Other,9.0
Kids/Other/Other,9.0
Kids/Potty Training/Other,12.0
Kids/Potty Training/Potties & Seats,8.0
Kids/Potty Training/Seat Covers,12.0
Kids/Potty Training/Step Stools,4.5
Kids/Potty Training/Training Pants,9.0
Kids/Pregnancy & Maternity/Breastfeeding Pillows & Stools,9.0
Kids/Pregnancy & Maternity/Family Planning Tests,9.0
Kids/Pregnancy & Maternity/Maternity Pillows,11.0
Kids/Pregnancy & Maternity/Other,8.0
Kids/Pregnancy & Maternity/Prenatal Monitoring Devices,9.0
Kids/Safety/Bathroom Safety,10.0
Kids/Safety/Cabinet Locks & Straps,9.0
Kids/Safety/Crib Netting,6.0
Kids/Safety/Edge & Corner Guards,8.0
Kids/Safety/Electrical Safety,7.5
Kids/Safety/Gates & Doorways,6.0
Kids/Safety/Harnesses & Leashes,9.0
Kids/Safety/Kitchen Safety,11.0
Kids/Safety/Monitors,9.0
Kids/Safety/Other,8.0
Kids/Safety/Outdoor Safety,11.0
Kids/Safety/Safety Caps,15.0
Kids/Safety/Sleep Positioners,9.0
Kids/Strollers/Accessories,9.0
Kids/Strollers/Joggers,9.5
Kids/Strollers/Lightweight,7.5
Kids/Strollers/Other,9.5
Kids/Strollers/Prams,9.0
Kids/Strollers/Standard,10.0
Kids/Strollers/Travel Systems,9.0
Kids/Toys/Action Figures & Statues,9.0
Kids/Toys/Arts & Crafts,9.0
Kids/Toys/Baby & Toddler Toys,9.0
Kids/Toys/Building Toys,9.0
Kids/Toys/Dolls & Accessories,9.0
Kids/Toys/Dress Up & Pretend Play,9.0
Kids/Toys/Electronics for Kids,9.0
Kids/Toys/Games,9.0
Kids/Toys/Hobbies,9.0
"Kids/Toys/Kids' Furniture, Décor & Storage",10.0
Kids/Toys/Learning & Education,9.0
Kids/Toys/Novelty & Gag Toys,8.0
Kids/Toys/Other,8.0
Kids/Toys/Party Supplies,9.0
Kids/Toys/Puzzles,9.0
Kids/Toys/Sports & Outdoor Play,9.0
Kids/Toys/Stuffed Animals & Plush,9.0
Kids/Toys/Toy Remote Control & Play Vehicles,9.0
"Kids/Toys/Tricycles, Scooters & Wagons",9.0
Men/Athletic Apparel/Competitive Swimwear,7.5
Men/Athletic Apparel/Jackets,9.0
Men/Athletic Apparel/Jerseys,9.0
Men/Athletic Apparel/Other,9.0
Men/Athletic Apparel/Pants,9.0
Men/Athletic Apparel/Shirts & Tops,9.0
Men/Athletic Apparel/Shorts,9.0
Men/Athletic Apparel/Snowsuits & Bibs,8.0
Men/Athletic Apparel/Socks,9.0
Men/Athletic Apparel/Tracksuits & Sweats,9.0
Men/Athletic Apparel/Vests,10.0
Men/Blazers & Sport Coats/Double Breasted,11.0
Men/Blazers & Sport Coats/One Button,8.5
Men/Blazers & Sport Coats/Other,11.0
Men/Blazers & Sport Coats/Three Button,9.0
Men/Blazers & Sport Coats/Two Button,9.0
Men/Coats & Jackets/Fleece Jacket,9.0
Men/Coats & Jackets/Flight/Bomber,9.0
Men/Coats & Jackets/Jean Jacket,9.0
Men/Coats & Jackets/Military,9.0
Men/Coats & Jackets/Motorcycle,8.0
Men/Coats & Jackets/Other,9.0
Men/Coats & Jackets/Parka,9.0
Men/Coats & Jackets/Peacoat,10.0
Men/Coats & Jackets/Poncho,6.0
Men/Coats & Jackets/Puffer,9.0
Men/Coats & Jackets/Rainwear,9.0
Men/Coats & Jackets/Trench,9.0
Men/Coats & Jackets/Varsity/Baseball,11.0
Men/Coats & Jackets/Vest,9.0
Men/Coats & Jackets/Windbreaker,9.0
Men/Coats & Jackets/Wool,8.0
"Men/Jeans/Baggy, Loose",8.0
Men/Jeans/Boot Cut,9.0
Men/Jeans/Cargo,9.0
Men/Jeans/Carpenter,8.0
"Men/Jeans/Classic, Straight Leg",9.0
Men/Jeans/Other,9.0
Men/Jeans/Overalls,8.0
Men/Jeans/Relaxed,9.0
"Men/Jeans/Slim, Skinny",9.0
"Men/Men's Accessories/Backpacks, Bags & Briefcases",9.0
Men/Men's Accessories/Belts,9.0
Men/Men's Accessories/Hats,9.0
Men/Men's Accessories/Other,9.0
Men/Men's Accessories/Sunglasses,9.0
Men/Men's Accessories/Ties,9.0
Men/Men's Accessories/Wallets,9.0
Men/Men's Accessories/Watches,9.0
Men/Other/Other,9.0
Men/Pants/Cargo,9.0
Men/Pants/Carpenter,10.0
Men/Pants/Casual Pants,9.0
Men/Pants/Corduroys,8.0
Men/Pants/Dress - Flat Front,9.0
Men/Pants/Dress - Pleat,10.0
"Men/Pants/Khakis, Chinos",9.0
Men/Pants/Other,8.0
Men/Shoes/Athletic,9.0
Men/Shoes/Boots,9.0
Men/Shoes/Fashion Sneakers,9.0
Men/Shoes/Loafers & Slip-Ons,9.0
Men/Shoes/Mules & Clogs,9.0
Men/Shoes/Outdoor,9.0
Men/Shoes/Oxfords,9.0
Men/Shoes/Sandals,9.0
Men/Shoes/Slippers,8.0
Men/Shoes/Work & Safety,8.0
Men/Shorts/Athletic,9.5
"Men/Shorts/Board, Surf",8.0
Men/Shorts/Cargo,9.0
"Men/Shorts/Carpenter, Utility",7.0
Men/Shorts/Casual Shorts,9.0
Men/Shorts/Denim,9.0
Men/Shorts/Dress Shorts,10.0
"Men/Shorts/Khakis, Chinos",9.0
Men/Shorts/Other,10.0
Men/Suits/Four Button,5.0
Men/Suits/One Button,6.0
Men/Suits/Other,9.0
Men/Suits/Three Button,8.0
Men/Suits/Tuxedo,8.0
Men/Suits/Two Button,9.0
Men/Sweaters/Cardigan,8.0
Men/Sweaters/Crewneck,9.0
Men/Sweaters/Full Zip,8.0
Men/Sweaters/Other,8.0
Men/Sweaters/Polo,9.0
Men/Sweaters/Turtleneck,8.5
Men/Sweaters/V-Neck,9.0
Men/Sweaters/Vest,9.5
Men/Sweats & Hoodies/Hoodie,9.0
Men/Sweats & Hoodies/Other,10.0
"Men/Sweats & Hoodies/Sweatshirt, Pullover",9.0
Men/Sweats & Hoodies/Track & Sweat Pants,9.0
Men/Sweats & Hoodies/Track & Sweat Suits,9.0
Men/Sweats & Hoodies/Track Jacket,11.0
Men/Swimwear/Board Shorts,9.0
Men/Swimwear/Swim Briefs,9.0
Men/Swimwear/Swim Trunks,9.0
Men/Tops/Button-Front,9.0
Men/Tops/Dress Shirts,9.0
Men/Tops/Hawaiian,9.0
Men/Tops/Henley,9.0
Men/Tops/Other,9.0
"Men/Tops/Polo, Rugby",9.0
Men/Tops/T-shirts,9.0
Men/Tops/Tank,9.0
Men/Tops/Turtleneck,7.0
Other/Automotive/Automotive Enthusiast Merchandise,8.0
Other/Automotive/Car Care,9.0
Other/Automotive/Car Electronics & Accessories,9.0
Other/Automotive/Exterior Accessories,9.0
Other/Automotive/Interior Accessories,9.0
Other/Automotive/Lights & Lighting Accessories,9.0
Other/Automotive/Motorcycle & Powersports,10.0
Other/Automotive/Oils & Fluids,9.0
Other/Automotive/Other,7.5
"Other/Automotive/Paint, Body & Trim",8.0
Other/Automotive/Performance Parts & Accessories,9.0
Other/Automotive/RV Parts & Accessories,8.0
Other/Automotive/Replacement Parts,9.0
Other/Automotive/Tires & Wheels,11.0
Other/Automotive/Tools & Equipment,9.0
Other/Books/Arts & Photography,9.0
Other/Books/Biographies & Memoirs,9.0
Other/Books/Business & Money,9.0
Other/Books/Children's Books,9.0
Other/Books/Christian Books & Bibles,9.0
Other/Books/Education & Teaching,9.0
Other/Books/Engineering & Transportation,10.0
Other/Books/History,9.0
Other/Books/Literature & Fiction,9.0
Other/Books/Medical Books,8.0
Other/Books/Other,9.0
Other/Books/Politics & Social Sciences,9.0
Other/Books/Reference,8.0
Other/Books/Religion & Spirituality,9.0
Other/Books/Science & Math,8.0
Other/Daily & Travel items/Baby & Child Care,8.0
Other/Daily & Travel items/Health Care,9.0
Other/Daily & Travel items/Household Supplies,9.0
Other/Daily & Travel items/Medical Supplies & Equipment,9.0
Other/Daily & Travel items/Other,10.0
Other/Daily & Travel items/Personal Care,9.0
Other/Daily & Travel items/Sports Nutrition,9.0
Other/Daily & Travel items/Stationery & Party Supplies,9.0
Other/Magazines/International Publications,7.0
Other/Magazines/Lifestyle & Cultures,9.0
Other/Magazines/Other,9.0
Other/Musical instruments/Amplifiers & Effects,10.0
Other/Musical instruments/Band & Orchestra,9.5
Other/Musical instruments/Bass Guitars,13.0
Other/Musical instruments/Brass Instruments,7.0
"Other/Musical instruments/DJ, Electronic Music & Karaoke",9.0
Other/Musical instruments/Drums & Percussion,8.0
Other/Musical instruments/Guitars,9.0
Other/Musical instruments/Instrument Accessories,9.0
Other/Musical instruments/Keyboards,8.5
Other/Musical instruments/Live Sound & Stage,13.0
Other/Musical instruments/Microphones & Accessories,9.0
Other/Musical instruments/Other,8.5
Other/Musical instruments/Stringed Instruments,9.0
Other/Musical instruments/Studio Recording Equipment,9.0
Other/Musical instruments/Wind & Woodwind Instruments,9.0
Other/Office supplies/Basic Supplies,9.0
Other/Office supplies/Calendars,9.0
Other/Office supplies/Electronics,9.0
Other/Office supplies/Furniture,12.5
Other/Office supplies/Ink & Toner,9.0
Other/Office supplies/Organization,9.0
Other/Office supplies/Other,9.0
Other/Office supplies/Paper,8.0
Other/Office supplies/Presentation,10.0
Other/Office supplies/School Supplies,9.0
Other/Office supplies/Shipping Supplies,9.0
Other/Office supplies/Writing,9.0
Other/Other/Other,9.0
Other/Pet Supplies/Cage,9.0
Other/Pet Supplies/Dogs,9.0
Other/Pet Supplies/Others,9.0
Other/Pet Supplies/Pet Food,9.0
Sports & Outdoors/Apparel/Accessories,9.0
Sports & Outdoors/Apparel/Boys,9.0
Sports & Outdoors/Apparel/Girls,8.0
Sports & Outdoors/Apparel/Men,9.5
Sports & Outdoors/Apparel/Other,10.0
Sports & Outdoors/Apparel/Women,9.0
Sports & Outdoors/Exercise/Athletic Training,9.0
Sports & Outdoors/Exercise/Bowling,11.5
Sports & Outdoors/Exercise/Boxing & MMA,9.0
Sports & Outdoors/Exercise/Dance/Ballet,9.0
Sports & Outdoors/Exercise/Fitness accessories,9.0
Sports & Outdoors/Exercise/Fitness technology,9.0
Sports & Outdoors/Exercise/Other,8.0
Sports & Outdoors/Exercise/Strength training,8.0
Sports & Outdoors/Exercise/Track & Field,11.0
Sports & Outdoors/Exercise/Yoga & Pilates,9.0
Sports & Outdoors/Fan Shop/MLB,9.0
Sports & Outdoors/Fan Shop/NBA,9.0
Sports & Outdoors/Fan Shop/NCAA,9.0
Sports & Outdoors/Fan Shop/NFL,9.0
Sports & Outdoors/Fan Shop/NHL,9.0
Sports & Outdoors/Fan Shop/Other,10.0
Sports & Outdoors/Footwear/Cleats,9.0
Sports & Outdoors/Footwear/Kids,7.0
Sports & Outdoors/Footwear/Men,13.0
Sports & Outdoors/Footwear/Other,7.0
Sports & Outdoors/Footwear/Women,10.0
Sports & Outdoors/Golf/Electronics,8.5
Sports & Outdoors/Golf/Golf Apparel,9.0
Sports & Outdoors/Golf/Golf Bags,9.0
Sports & Outdoors/Golf/Golf Balls,9.0
Sports & Outdoors/Golf/Golf Shoes,10.0
Sports & Outdoors/Golf/Men's Golf Clubs,9.0
Sports & Outdoors/Golf/Other,9.0
Sports & Outdoors/Golf/Women's Golf Clubs,13.5
Sports & Outdoors/Other/Other,9.0
Sports & Outdoors/Outdoors/Bike & Skate,9.0
Sports & Outdoors/Outdoors/Boating,9.0
Sports & Outdoors/Outdoors/Fishing,9.0
Sports & Outdoors/Outdoors/Hiking & Camping,9.0
Sports & Outdoors/Outdoors/Indoor/Outdoor Games,9.0
Sports & Outdoors/Outdoors/Other,9.0
Sports & Outdoors/Outdoors/Skateboard,8.0
Sports & Outdoors/Outdoors/Snowboard,9.0
Sports & Outdoors/Outdoors/Water Sports,9.0
Sports & Outdoors/Team Sports/All Other Sports,9.0
Sports & Outdoors/Team Sports/Badminton,12.0
Sports & Outdoors/Team Sports/Baseball & Softball,9.0
Sports & Outdoors/Team Sports/Basketball,8.0
Sports & Outdoors/Team Sports/Football,9.0
Sports & Outdoors/Team Sports/Hockey,10.0
Sports & Outdoors/Team Sports/Lacrosse,9.0
Sports & Outdoors/Team Sports/Soccer,9.0
Sports & Outdoors/Team Sports/Tennis & Racquets,8.0
Sports & Outdoors/Team Sports/Volleyball,8.0
Vintage & Collectibles/Accessories/Apron,10.0
Vintage & Collectibles/Accessories/Belt,9.5
Vintage & Collectibles/Accessories/Brooch,12.5
Vintage & Collectibles/Accessories/Buckle,10.0
Vintage & Collectibles/Accessories/Compact,5.0
Vintage & Collectibles/Accessories/Cuff Links,8.0
Vintage & Collectibles/Accessories/Eyewear,9.0
Vintage & Collectibles/Accessories/Gloves,9.5
Vintage & Collectibles/Accessories/Handkerchief,11.0
Vintage & Collectibles/Accessories/Hat,8.0
Vintage & Collectibles/Accessories/Keychain,9.0
Vintage & Collectibles/Accessories/Necktie,4.0
Vintage & Collectibles/Accessories/Other,9.0
Vintage & Collectibles/Accessories/Scarf,9.5
Vintage & Collectibles/Accessories/Shoes,9.0
Vintage & Collectibles/Accessories/Wallet,7.0
Vintage & Collectibles/Antique/100 Years or Older,8.5
Vintage & Collectibles/Antique/50 To 75 Years,8.0
Vintage & Collectibles/Antique/75 To 100 Years,10.5
Vintage & Collectibles/Antique/Accessories,11.0
Vintage & Collectibles/Antique/Bags and Purses,9.0
Vintage & Collectibles/Antique/Book,9.0
Vintage & Collectibles/Antique/Collectibles,9.0
Vintage & Collectibles/Antique/Electronics,9.0
Vintage & Collectibles/Antique/Furniture,14.0
Vintage & Collectibles/Antique/Home Decor,11.0
Vintage & Collectibles/Antique/Housewares,9.0
Vintage & Collectibles/Antique/Jewelry,8.0
Vintage & Collectibles/Antique/Other,10.5
Vintage & Collectibles/Antique/Paper Ephemera,6.5
Vintage & Collectibles/Antique/Serving,9.0
Vintage & Collectibles/Antique/Supplies,7.0
Vintage & Collectibles/Antique/Toy,8.0
Vintage & Collectibles/Bags and Purses/Case,12.5
Vintage & Collectibles/Bags and Purses/Change Purse,9.0
Vintage & Collectibles/Bags and Purses/Clutch,9.0
Vintage & Collectibles/Bags and Purses/Diaper Bag,8.0
Vintage & Collectibles/Bags and Purses/Formal,9.0
Vintage & Collectibles/Bags and Purses/Handbag,9.0
Vintage & Collectibles/Bags and Purses/Leather,10.0
Vintage & Collectibles/Bags and Purses/Luggage,9.0
Vintage & Collectibles/Bags and Purses/Other,8.0
Vintage & Collectibles/Bags and Purses/Pouch,9.0
Vintage & Collectibles/Bags and Purses/Purse,9.0
Vintage & Collectibles/Bags and Purses/Tote,9.5
Vintage & Collectibles/Bags and Purses/Wallet,8.5
Vintage & Collectibles/Book/Art,10.0
Vintage & Collectibles/Book/Biography,10.0
Vintage & Collectibles/Book/Children,8.0
Vintage & Collectibles/Book/Comics,9.0
Vintage & Collectibles/Book/Cookbook,9.0
Vintage & Collectibles/Book/Crafting,9.0
Vintage & Collectibles/Book/Decorating,12.0
Vintage & Collectibles/Book/Fiction,9.0
Vintage & Collectibles/Book/Health,8.0
Vintage & Collectibles/Book/History,8.0
Vintage & Collectibles/Book/How to,10.0
Vintage & Collectibles/Book/Illustrated,9.5
Vintage & Collectibles/Book/Instructional,8.0
Vintage & Collectibles/Book/Nonfiction,9.0
Vintage & Collectibles/Book/Other,9.0
Vintage & Collectibles/Book/Poetry,10.0
Vintage & Collectibles/Book/Reference,9.0
Vintage & Collectibles/Book/Religion,13.0
Vintage & Collectibles/Book/Science,3.5
Vintage & Collectibles/Book/Scifi,8.0
Vintage & Collectibles/Clothing/Baby,9.0
Vintage & Collectibles/Clothing/Blouse,7.5
Vintage & Collectibles/Clothing/Children,8.0
Vintage & Collectibles/Clothing/Corset,8.0
Vintage & Collectibles/Clothing/Dress,8.0
Vintage & Collectibles/Clothing/Jacket,9.0
Vintage & Collectibles/Clothing/Other,9.0
Vintage & Collectibles/Clothing/Outerwear,9.0
Vintage & Collectibles/Clothing/Pants,10.0
Vintage & Collectibles/Clothing/Shawl,8.5
Vintage & Collectibles/Clothing/Shirt,8.0
Vintage & Collectibles/Clothing/Shorts,9.0
Vintage & Collectibles/Clothing/Skirt,9.0
Vintage & Collectibles/Clothing/Sweater,9.0
Vintage & Collectibles/Clothing/Swimwear,9.0
Vintage & Collectibles/Clothing/Tank,8.5
Vintage & Collectibles/Clothing/Tshirt,9.0
Vintage & Collectibles/Collectibles/Doll,9.0
Vintage & Collectibles/Collectibles/Figurine,9.0
Vintage & Collectibles/Collectibles/Glass,9.0
Vintage & Collectibles/Collectibles/Other,9.0
Vintage & Collectibles/Collectibles/Porcelain,8.0
Vintage & Collectibles/Collectibles/Souvenir,9.0
Vintage & Collectibles/Electronics/Camera,9.0
Vintage & Collectibles/Electronics/Clock,8.0
Vintage & Collectibles/Electronics/Game,6.0
Vintage & Collectibles/Electronics/Other,9.5
Vintage & Collectibles/Electronics/Radio,9.0
Vintage & Collectibles/Electronics/Telephone,12.0
Vintage & Collectibles/Electronics/Television,5.0
Vintage & Collectibles/Electronics/Video Game,9.0
Vintage & Collectibles/Furniture/Chair,8.0
Vintage & Collectibles/Furniture/Entertainment,6.0
Vintage & Collectibles/Furniture/Fixture,11.0
Vintage & Collectibles/Furniture/Other,9.0
Vintage & Collectibles/Furniture/Shelf,6.0
Vintage & Collectibles/Furniture/Storage,26.0
Vintage & Collectibles/Home Decor/Basket,10.0
Vintage & Collectibles/Home Decor/Bedding,13.0
Vintage & Collectibles/Home Decor/Box,10.0
Vintage & Collectibles/Home Decor/Candle Holder,10.0
Vintage & Collectibles/Home Decor/Frame,9.0
Vintage & Collectibles/Home Decor/Lighting,8.0
Vintage & Collectibles/Home Decor/Linens,8.0
Vintage & Collectibles/Home Decor/Other,8.0
Vintage & Collectibles/Home Decor/Pillow,10.0
Vintage & Collectibles/Home Decor/Planter,8.0
Vintage & Collectibles/Home Decor/Tray,10.0
Vintage & Collectibles/Home Decor/Vase,11.5
Vintage & Collectibles/Home Decor/Wall Hanging,9.0
Vintage & Collectibles/Housewares/Bowl,9.0
Vintage & Collectibles/Housewares/Box,6.0
Vintage & Collectibles/Housewares/Ceramic,9.0
Vintage & Collectibles/Housewares/Coaster,8.0
Vintage & Collectibles/Housewares/Cup,3.0
Vintage & Collectibles/Housewares/Glass,10.0
Vintage & Collectibles/Housewares/Light,9.5
Vintage & Collectibles/Housewares/Magnet,10.5
Vintage & Collectibles/Housewares/Other,9.0
Vintage & Collectibles/Housewares/Plate,8.0
Vintage & Collectibles/Housewares/Pot Holder,9.5
Vintage & Collectibles/Housewares/Table,7.0
Vintage & Collectibles/Housewares/Towel,7.0
Vintage & Collectibles/Housewares/Tray,7.0
Vintage & Collectibles/Jewelry/Bracelet,9.0
Vintage & Collectibles/Jewelry/Brooch,9.0
Vintage & Collectibles/Jewelry/Earrings,9.0
Vintage & Collectibles/Jewelry/Necklace,9.0
Vintage & Collectibles/Jewelry/Other,9.0
Vintage & Collectibles/Jewelry/Pendant,9.0
Vintage & Collectibles/Jewelry/Ring,9.0
Vintage & Collectibles/Jewelry/Watch,9.0
Vintage & Collectibles/Other/Other,9.0
Vintage & Collectibles/Paper Ephemera/Advertisement,14.0
Vintage & Collectibles/Paper Ephemera/Game,8.0
Vintage & Collectibles/Paper Ephemera/Map,16.0
Vintage & Collectibles/Paper Ephemera/Other,7.0
Vintage & Collectibles/Paper Ephemera/Postcard,7.5
Vintage & Collectibles/Paper Ephemera/Stamps,9.0
Vintage & Collectibles/Serving/Bowl,8.0
Vintage & Collectibles/Serving/Butter Dish,5.0
Vintage & Collectibles/Serving/Casserole,8.0
Vintage & Collectibles/Serving/Cream and Sugar Set,9.0
Vintage & Collectibles/Serving/Dinnerware Set,8.0
Vintage & Collectibles/Serving/Flatware,7.0
Vintage & Collectibles/Serving/Glassware,10.0
Vintage & Collectibles/Serving/Mug,9.0
Vintage & Collectibles/Serving/Other,10.0
Vintage & Collectibles/Serving/Pitcher,10.0
Vintage & Collectibles/Serving/Plate,9.5
Vintage & Collectibles/Serving/Platter,7.0
Vintage & Collectibles/Serving/Salt and Pepper Shakers,8.0
Vintage & Collectibles/Serving/Teacup,9.5
Vintage & Collectibles/Serving/Teapot,11.0
Vintage & Collectibles/Serving/Tray,8.0
Vintage & Collectibles/Serving/Tumbler,9.0
Vintage & Collectibles/Supplies/Bead,9.0
Vintage & Collectibles/Supplies/Button,7.0
Vintage & Collectibles/Supplies/Cabochon,11.0
Vintage & Collectibles/Supplies/Chain,8.0
Vintage & Collectibles/Supplies/Charm,9.0
Vintage & Collectibles/Supplies/Ephemera,7.0
Vintage & Collectibles/Supplies/Fabric,9.0
Vintage & Collectibles/Supplies/Finding,8.5
Vintage & Collectibles/Supplies/Other,9.0
Vintage & Collectibles/Supplies/Pattern,9.0
Vintage & Collectibles/Supplies/Trim,10.5
Vintage & Collectibles/Supplies/Yarn,9.0
Vintage & Collectibles/Supplies/Zipper,3.0
Vintage & Collectibles/Toy/Action Figure,9.0
Vintage & Collectibles/Toy/Animal,8.0
Vintage & Collectibles/Toy/Block,8.0
Vintage & Collectibles/Toy/Car,9.0
Vintage & Collectibles/Toy/Children,8.0
Vintage & Collectibles/Toy/Doll,9.0
Vintage & Collectibles/Toy/Electronic,9.0
Vintage & Collectibles/Toy/Game,8.0
Vintage & Collectibles/Toy/Other,9.0
Vintage & Collectibles/Toy/Puzzle,8.5
Vintage & Collectibles/Toy/Sport,9.0
"Vintage & Collectibles/Trading Cards/Action, Adventure",9.0
Vintage & Collectibles/Trading Cards/Animation,9.0
Vintage & Collectibles/Trading Cards/Comic,8.0
"Vintage & Collectibles/Trading Cards/Historical, Military",6.0
Vintage & Collectibles/Trading Cards/Other,8.5
Vintage & Collectibles/Trading Cards/Price Guides & Publications,12.5
"Vintage & Collectibles/Trading Cards/Sci-Fi, Fantasy",9.0
Vintage & Collectibles/Trading Cards/Sports,9.0
Vintage & Collectibles/Trading Cards/Vintage,8.0
Women/Athletic Apparel/Jackets,9.0
Women/Athletic Apparel/Jerseys,9.0
Women/Athletic Apparel/Other,9.0
"Women/Athletic Apparel/Pants, Tights, Leggings",9.0
Women/Athletic Apparel/Shirts & Tops,9.0
Women/Athletic Apparel/Shorts,9.0
"Women/Athletic Apparel/Skirts, Skorts & Dresses",9.0
Women/Athletic Apparel/Snowsuits & Bibs,8.0
Women/Athletic Apparel/Socks,9.0
Women/Athletic Apparel/Sports Bras,9.0
Women/Athletic Apparel/Tracksuits & Sweats,9.0
Women/Athletic Apparel/Vests,8.5
Women/Coats & Jackets/Cape,9.0
Women/Coats & Jackets/Fleece Jacket,9.0
Women/Coats & Jackets/Jean Jacket,9.0
Women/Coats & Jackets/Military,9.0
Women/Coats & Jackets/Motorcycle,9.0
Women/Coats & Jackets/Other,9.0
Women/Coats & Jackets/Parka,9.0
Women/Coats & Jackets/Peacoat,8.0
Women/Coats & Jackets/Poncho,9.0
Women/Coats & Jackets/Puffer,9.0
Women/Coats & Jackets/Raincoat,9.0
Women/Coats & Jackets/Trench,9.0
Women/Coats & Jackets/Vest,9.0
Women/Coats & Jackets/Windbreaker,9.0
Women/Coats & Jackets/Wool,9.0
"Women/Dresses/Above Knee, Mini",9.0
Women/Dresses/Asymmetrical Hem,9.0
Women/Dresses/Full-Length,9.0
Women/Dresses/Knee-Length,9.0
Women/Dresses/Mid-Calf,9.0
Women/Dresses/Other,9.0
Women/Jeans/Boot Cut,9.0
Women/Jeans/Boyfriend,9.0
"Women/Jeans/Capri, Cropped",9.0
Women/Jeans/Cargo,8.5
Women/Jeans/Flare,9.0
Women/Jeans/Leggings,9.0
Women/Jeans/Other,9.0
Women/Jeans/Overalls,9.0
Women/Jeans/Relaxed,8.0
"Women/Jeans/Slim, Skinny",12.0
Women/Jeans/Straight Leg,9.0
Women/Jeans/Wide Leg,9.0
Women/Jewelry/Bracelets,9.0
Women/Jewelry/Earrings,9.0
Women/Jewelry/Necklaces,9.0
Women/Jewelry/Rings,9.0
Women/Maternity/Athletic Apparel,9.0
Women/Maternity/Coats & Jackets,8.5
Women/Maternity/Dresses,9.0
Women/Maternity/Jeans,9.0
Women/Maternity/Other,9.0
Women/Maternity/Pants,9.0
Women/Maternity/Skirts,7.0
Women/Maternity/Suits & Blazers,13.5
Women/Maternity/Sweaters,10.0
Women/Maternity/Tops & Blouses,9.0
Women/Other/Other,9.0
"Women/Pants/Capris, Cropped",9.0
Women/Pants/Cargo,9.0
Women/Pants/Casual Pants,9.0
Women/Pants/Corduroys,9.0
Women/Pants/Dress Pants,9.0
"Women/Pants/Khakis, Chinos",9.0
Women/Pants/Leather,8.5
Women/Pants/Linen,9.0
Women/Pants/Other,9.0
Women/Shoes/Athletic,9.0
Women/Shoes/Boots,2.0
Women/Shoes/Fashion Sneakers,9.0
Women/Shoes/Flats,9.0
Women/Shoes/Loafers & Slip-Ons,9.0
Women/Shoes/Mules & Clogs,8.0
Women/Shoes/Other,9.0
Women/Shoes/Outdoor,9.0
Women/Shoes/Oxfords,9.0
Women/Shoes/Pumps,9.0
Women/Shoes/Sandals,9.0
Women/Shoes/Slippers,9.0
Women/Shoes/Work & Safety,8.0
Women/Skirts/A-Line,9.0
Women/Skirts/Asymmetrical,8.0
Women/Skirts/Bubble,10.0
Women/Skirts/Full Skirt,9.0
Women/Skirts/Maxi,9.0
Women/Skirts/Mini,9.0
Women/Skirts/Other,9.0
Women/Skirts/Peasant,10.0
Women/Skirts/Pleated,9.0
"Women/Skirts/Straight, Pencil",9.0
Women/Skirts/Tiered,8.0
Women/Skirts/Wrap,9.0
Women/Suits & Blazers/Blazer,9.0
Women/Suits & Blazers/Dress Suit,6.0
Women/Suits & Blazers/Other,8.0
Women/Suits & Blazers/Pant Suit,9.0
Women/Suits & Blazers/Skirt Suit,9.0
Women/Sweaters/Cardigan,9.0
Women/Sweaters/Collared,9.0
Women/Sweaters/Cowl Neck,9.0
Women/Sweaters/Crewneck,9.0
Women/Sweaters/Full Zip,9.0
Women/Sweaters/Henley,9.0
Women/Sweaters/Hooded,9.0
Women/Sweaters/Other,9.0
Women/Sweaters/Poncho,9.0
Women/Sweaters/Scoop Neck,9.0
Women/Sweaters/Shrug,9.0
Women/Sweaters/Sweatercoat,9.0
Women/Sweaters/Tunic,9.0
"Women/Sweaters/Turtleneck, Mock",9.0
Women/Sweaters/V-Neck,9.0
"Women/Sweaters/Vest, Sleeveless",9.0
Women/Sweaters/Wrap,9.0
Women/Swimwear/Beach Accessories,9.0
Women/Swimwear/Cover-Ups,9.0
Women/Swimwear/One-Piece,9.0
Women/Swimwear/Two-Piece,9.0
Women/Tops & Blouses/Blouse,9.0
Women/Tops & Blouses/Button Down Shirt,9.0
Women/Tops & Blouses/Halter,9.0
Women/Tops & Blouses/Knit Top,9.0
Women/Tops & Blouses/Other,9.0
Women/Tops & Blouses/Polo Shirt,9.0
Women/Tops & Blouses/T-Shirts,4.0
"Women/Tops & Blouses/Tank, Cami",9.0
Women/Tops & Blouses/Tunic,9.0
Women/Tops & Blouses/Turtleneck,9.0
Women/Tops & Blouses/Wrap,9.0
Women/Underwear/Bras,9.0
Women/Underwear/G-Strings & Thongs,9.0
Women/Underwear/Other,9.0
Women/Underwear/Panties,9.0
Women/Underwear/Thermal Underwear,9.0
Women/Women's Accessories/Belts,9.0
Women/Women's Accessories/Hair Accessories,9.0
Women/Women's Accessories/Hats,9.0
Women/Women's Accessories/Other,9.0
Women/Women's Accessories/Scarves & Wraps,9.0
Women/Women's Accessories/Sunglasses,9.0
Women/Women's Accessories/Wallets,9.0
Women/Women's Accessories/Watches,9.0
Women/Women's Handbags/Backpack Style,9.0
Women/Women's Handbags/Baguette,9.0
Women/Women's Handbags/Cosmetic Bags,9.0
Women/Women's Handbags/Hobo,8.0
Women/Women's Handbags/Messenger & Crossbody,9.0
Women/Women's Handbags/Other,9.0
Women/Women's Handbags/Satchel,9.0
Women/Women's Handbags/Shoulder Bag,9.0
Women/Women's Handbags/Totes & Shoppers,9.0
