0,1
"Women/Athletic Apparel/Pants, Tights, Leggings",60177
Women/Tops & Blouses/T-Shirts,46380
Beauty/Makeup/Face,34335
Beauty/Makeup/Lips,29910
Electronics/Video Games & Consoles/Games,26557
Beauty/Makeup/Eyes,25215
"Electronics/Cell Phones & Accessories/Cases, Covers & Skins",24676
Women/Underwear/Bras,21274
Women/Tops & Blouses/Blouse,20284
"Women/Tops & Blouses/Tank, Cami",20284
"Women/Dresses/Above Knee, Mini",20082
Women/Jewelry/Necklaces,19758
Women/Athletic Apparel/Shorts,19528
Beauty/Makeup/Makeup Palettes,19103
Women/Shoes/Boots,18864
Beauty/Fragrance/Women,18628
Beauty/Skin Care/Face,15836
Women/Women's Handbags/Shoulder Bag,15328
Men/Tops/T-shirts,15108
Women/Dresses/Knee-Length,14770
Women/Athletic Apparel/Shirts & Tops,14738
Women/Shoes/Sandals,14662
Women/Jewelry/Bracelets,14497
Men/Shoes/Athletic,14257
Kids/Toys/Dolls & Accessories,13957
Women/Women's Accessories/Wallets,13616
"Women/Jeans/Slim, Skinny",13392
Home/Home Décor/Home Décor Accents,13004
Women/Swimwear/Two-Piece,12758
Women/Shoes/Athletic,12662
Kids/Toys/Action Figures & Statues,12524
Women/Jewelry/Earrings,11932
Women/Jewelry/Rings,10650
Women/Sweaters/Hooded,10480
Women/Shoes/Fashion Sneakers,10164
Beauty/Skin Care/Body,10010
Electronics/Cell Phones & Accessories/Cell Phone Accessories,9998
Home/Kitchen & Dining/Coffee & Tea Accessories,9880
Women/Women's Handbags/Totes & Shoppers,9373
Women/Athletic Apparel/Sports Bras,9067
Women/Women's Handbags/Messenger & Crossbody,8926
Electronics/Cell Phones & Accessories/Cell Phones & Smartphones,8698
Women/Underwear/Panties,8648
Women/Sweaters/Cardigan,8331
Women/Athletic Apparel/Jackets,8294
Kids/Girls 2T-5T/Shoes,8122
Other/Other/Other,7933
Women/Tops & Blouses/Tunic,7850
Women/Shoes/Pumps,7454
Women/Sweaters/Crewneck,7388
Electronics/Media/DVD,7383
Kids/Boys 2T-5T/Shoes,7289
Women/Other/Other,7264
Beauty/Tools & Accessories/Makeup Brushes & Tools,7251
Kids/Toys/Arts & Crafts,7205
Women/Women's Accessories/Sunglasses,7005
Women/Jeans/Leggings,6694
Women/Jeans/Boot Cut,6478
Women/Athletic Apparel/Tracksuits & Sweats,6415
Men/Men's Accessories/Hats,6351
Beauty/Makeup/Makeup Sets,6175
Beauty/Makeup/Nails,6045
Kids/Toys/Stuffed Animals & Plush,5881
Women/Women's Accessories/Hats,5708
Women/Dresses/Full-Length,5617
Other/Daily & Travel items/Personal Care,5556
Kids/Girls 0-24 Mos/One-Pieces,5549
Kids/Boys (4+)/Shoes,5469
Women/Shoes/Flats,5422
Vintage & Collectibles/Toy/Action Figure,5354
Women/Women's Accessories/Hair Accessories,5325
Kids/Boys 0-24 Mos/One-Pieces,5205
Home/Kitchen & Dining/Dining & Entertaining,5130
Beauty/Bath & Body/Bath,5049
Men/Shoes/Fashion Sneakers,5039
Home/Home Décor/Home Fragrance,5015
Vintage & Collectibles/Antique/Collectibles,4978
Other/Office supplies/Shipping Supplies,4883
"Electronics/TV, Audio & Surveillance/Headphones",4683
Women/Women's Handbags/Backpack Style,4551
Women/Shoes/Loafers & Slip-Ons,4509
Kids/Boys 0-24 Mos/Shoes,4457
Kids/Toys/Games,4349
Women/Women's Accessories/Watches,4312
Sports & Outdoors/Exercise/Fitness accessories,4213
Electronics/Video Games & Consoles/Consoles,4209
Handmade/Paper Goods/Sticker,4111
Kids/Boys (4+)/Top & T-shirts,4042
Kids/Girls 0-24 Mos/Shoes,3959
Electronics/Video Games & Consoles/Accessories,3908
Women/Women's Handbags/Cosmetic Bags,3852
Kids/Girls (4+)/Tops & T-Shirts,3828
Women/Swimwear/One-Piece,3784
Beauty/Tools & Accessories/Hair Styling Tools,3732
Men/Sweats & Hoodies/Hoodie,3706
Women/Tops & Blouses/Button Down Shirt,3482
Electronics/Cell Phones & Accessories/Cables & Adapters,3423
Women/Tops & Blouses/Knit Top,3379
Men/Athletic Apparel/Jerseys,3378
Kids/Boys 2T-5T/Tops & T-Shirts,3378
Women/Dresses/Asymmetrical Hem,3370
Sports & Outdoors/Fan Shop/NFL,3346
Men/Men's Accessories/Watches,3336
Women/Coats & Jackets/Fleece Jacket,3276
Women/Athletic Apparel/Socks,3223
Other/Books/Literature & Fiction,3099
Kids/Girls 2T-5T/Tops & T-Shirts,3021
"Women/Skirts/Straight, Pencil",3001
"Men/Sweats & Hoodies/Sweatshirt, Pullover",2972
Beauty/Fragrance/Candles & Home Scents,2965
Women/Sweaters/Full Zip,2965
Vintage & Collectibles/Trading Cards/Animation,2954
Kids/Toys/Hobbies,2907
Women/Skirts/Mini,2863
Kids/Girls (4+)/Shoes,2822
Vintage & Collectibles/Trading Cards/Sports,2815
Other/Daily & Travel items/Health Care,2711
Women/Skirts/Maxi,2686
Handmade/Clothing/Lingerie,2639
Women/Pants/Casual Pants,2636
Women/Women's Accessories/Scarves & Wraps,2631
Other/Pet Supplies/Dogs,2629
Kids/Boys (4+)/Bottoms,2621
Women/Women's Accessories/Other,2617
Kids/Girls 2T-5T/Dresses,2547
Beauty/Hair Care/Styling Products,2545
Beauty/Makeup/Brushes & Applicators,2532
Women/Tops & Blouses/Other,2509
Women/Coats & Jackets/Vest,2474
Vintage & Collectibles/Electronics/Video Game,2432
Kids/Boys 0-24 Mos/Tops & T-Shirts,2415
Home/Kitchen & Dining/Kitchen Utensils & Gadgets,2407
Kids/Girls (4+)/Dresses,2366
Handmade/Jewelry/Jewelry,2363
Kids/Girls 0-24 Mos/Dresses,2356
Women/Women's Handbags/Satchel,2333
"Men/Tops/Polo, Rugby",2308
Men/Men's Accessories/Other,2298
Handmade/Clothing/Costume,2293
Home/Home Décor/Candles & Holders,2208
Electronics/Media/Blu-Ray,2188
Electronics/Cell Phones & Accessories/Chargers & Cradles,2165
Electronics/Cell Phones & Accessories/Screen Protectors,2152
Kids/Toys/Building Toys,2148
Men/Athletic Apparel/Shirts & Tops,2138
Beauty/Fragrance/Men,2114
Home/Seasonal Décor/Halloween,2072
Sports & Outdoors/Exercise/Fitness technology,2034
Kids/Toys/Baby & Toddler Toys,2031
Home/Seasonal Décor/Christmas,2021
"Electronics/TV, Audio & Surveillance/Portable Audio & Accessories",2009
Men/Tops/Button-Front,1991
Electronics/Computers & Tablets/iPad/Tablet/eBook Readers,1986
Sports & Outdoors/Outdoors/Hiking & Camping,1983
Kids/Feeding/Bottle-Feeding,1971
Women/Coats & Jackets/Windbreaker,1961
Kids/Girls 2T-5T/Bottoms,1936
Women/Pants/Other,1925
Kids/Gear/Backpacks & Carriers,1921
Other/Office supplies/School Supplies,1901
Women/Underwear/G-Strings & Thongs,1900
Kids/Girls 0-24 Mos/Tops & T-Shirts,1866
Electronics/Cell Phones & Accessories/Headsets,1850
Women/Shoes/Slippers,1822
Beauty/Hair Care/Shampoo & Conditioner Sets,1821
Electronics/Computers & Tablets/Laptops & Netbooks,1783
"Men/Jeans/Classic, Straight Leg",1754
"Men/Men's Accessories/Backpacks, Bags & Briefcases",1747
Men/Athletic Apparel/Shorts,1736
"Women/Pants/Capris, Cropped",1734
Women/Underwear/Other,1729
Men/Men's Accessories/Sunglasses,1709
Home/Bedding/Blankets & Throws,1708
Kids/Girls (4+)/Coats & Jackets,1668
Kids/Boys (4+)/Coats & Jackets,1645
Vintage & Collectibles/Accessories/Keychain,1642
Home/Cleaning Supplies/Household Cleaners,1638
Home/Storage & Organization/Jewelry Boxes & Organizers,1632
Women/Coats & Jackets/Jean Jacket,1631
Men/Athletic Apparel/Jackets,1610
Electronics/Media/CD,1554
Men/Men's Accessories/Belts,1546
Kids/Girls (4+)/Other,1500
Kids/Girls 0-24 Mos/Accessories,1500
Kids/Girls (4+)/Jeans,1498
Kids/Boys 2T-5T/Bottoms,1493
Men/Sweats & Hoodies/Track & Sweat Pants,1464
Handmade/Bags and Purses/Purse,1442
Vintage & Collectibles/Collectibles/Other,1427
Kids/Nursery/Bedding,1413
Other/Daily & Travel items/Sports Nutrition,1408
Men/Shoes/Boots,1406
Women/Jeans/Straight Leg,1405
Other/Books/Children's Books,1401
Women/Tops & Blouses/Halter,1401
Vintage & Collectibles/Bags and Purses/Handbag,1367
Vintage & Collectibles/Clothing/Sweater,1363
"Women/Jeans/Capri, Cropped",1358
Electronics/Cameras & Photography/Digital Cameras,1346
Women/Suits & Blazers/Blazer,1343
Vintage & Collectibles/Collectibles/Figurine,1342
Handmade/Accessories/Lanyard,1336
Men/Athletic Apparel/Socks,1332
Women/Pants/Dress Pants,1331
Handmade/Accessories/Hair,1293
Other/Books/Education & Teaching,1282
Vintage & Collectibles/Collectibles/Glass,1271
Men/Men's Accessories/Wallets,1268
Beauty/Hair Care/Hair & Scalp Treatments,1254
Home/Kitchen & Dining/Bakeware,1233
"Women/Athletic Apparel/Skirts, Skorts & Dresses",1214
Women/Coats & Jackets/Other,1175
Kids/Diapering/Disposable Diapers,1165
Kids/Diapering/Diaper Bags,1162
"Electronics/TV, Audio & Surveillance/Gadgets",1153
Electronics/Video Games & Consoles/Video Gaming Merchandise,1151
Kids/Girls (4+)/Accessories,1148
Women/Women's Accessories/Belts,1136
Other/Pet Supplies/Others,1136
Women/Women's Handbags/Other,1116
Handmade/Paper Goods/Scrapbooking,1078
"Home/Home Appliances/Wine, Beer & Beverage Coolers",1078
Women/Coats & Jackets/Motorcycle,1077
Kids/Toys/Dress Up & Pretend Play,1074
Electronics/Computers & Tablets/iPad/Tablet/eBook Access,1073
Men/Coats & Jackets/Windbreaker,1065
Vintage & Collectibles/Book/Comics,1064
Kids/Girls 2T-5T/Coats & Jackets,1062
Electronics/Cameras & Photography/Camera & Photo Accessories,1057
Sports & Outdoors/Fan Shop/MLB,1053
Women/Maternity/Dresses,1041
Kids/Other/Other,1038
Handmade/Bags and Purses/Wristlet,1031
Sports & Outdoors/Apparel/Boys,1030
Kids/Toys/Learning & Education,1025
Kids/Toys/Toy Remote Control & Play Vehicles,1020
Sports & Outdoors/Apparel/Accessories,1012
Women/Maternity/Tops & Blouses,1007
Sports & Outdoors/Fan Shop/NCAA,992
Electronics/Cameras & Photography/Film Photography,991
Electronics/Computers & Tablets/Components & Parts,964
Women/Dresses/Other,961
Beauty/Skin Care/Lips,961
Kids/Boys 0-24 Mos/Bottoms,960
Women/Dresses/Mid-Calf,958
Women/Swimwear/Beach Accessories,958
Kids/Boys 2T-5T/Coats & Jackets,950
Home/Bedding/Sheets & Pillowcases,941
Women/Shoes/Mules & Clogs,929
Women/Coats & Jackets/Puffer,925
Women/Jeans/Other,920
Women/Swimwear/Cover-Ups,920
Beauty/Skin Care/Sun,918
Kids/Toys/Party Supplies,916
Home/Bath/Bathroom Accessories,913
Home/Kitchen & Dining/Storage & Organization,908
Kids/Girls 0-24 Mos/Coats & Jackets,895
Other/Daily & Travel items/Medical Supplies & Equipment,886
Other/Office supplies/Writing,874
Men/Other/Other,871
Home/Home Décor/Decorative Pillows,863
Men/Shoes/Loafers & Slip-Ons,856
Vintage & Collectibles/Collectibles/Souvenir,853
Women/Sweaters/V-Neck,843
"Men/Jeans/Slim, Skinny",837
Beauty/Skin Care/Eyes,823
Men/Sweaters/Crewneck,820
Women/Sweaters/Other,818
Vintage & Collectibles/Serving/Tumbler,817
Kids/Boys 0-24 Mos/Coats & Jackets,815
Vintage & Collectibles/Serving/Mug,815
Handmade/Accessories/Patch,814
Home/Artwork/Posters & Prints,813
Beauty/Bath & Body/Scrubs & Body Treatments,812
Home/Home Appliances/Kitchen Appliances,810
Women/Jeans/Boyfriend,805
Vintage & Collectibles/Collectibles/Doll,789
Kids/Girls 0-24 Mos/Other,783
Handmade/Music/Vinyl,778
Kids/Feeding/Pacifiers & Accessories,776
Electronics/Other/Other,773
Home/Home Décor/Lamps& Accessories,770
Women/Jeans/Flare,761
Men/Jeans/Boot Cut,756
Women/Skirts/A-Line,756
Beauty/Makeup/Body,748
Kids/Toys/Electronics for Kids,746
Other/Office supplies/Electronics,739
Women/Shoes/Other,739
Kids/Diapering/Cloth Diapers,734
Home/Home Décor/Tapestries,734
Beauty/Skin Care/Hands & Nails,725
Beauty/Bath & Body/Cleansers,723
Kids/Boys 0-24 Mos/Other,720
Handmade/Children/Toy,718
Home/Home Décor/Photo Albums & Frames,717
Kids/Girls 0-24 Mos/Bottoms,713
Kids/Toys/Puzzles,712
Men/Shoes/Sandals,706
Other/Automotive/Exterior Accessories,697
Beauty/Bath & Body/Sets,695
"Electronics/Computers & Tablets/Drives, Storage & Media",692
Vintage & Collectibles/Housewares/Ceramic,680
Kids/Feeding/Storage & Containers,676
Sports & Outdoors/Team Sports/Baseball & Softball,665
Handmade/Accessories/Charm,656
Women/Tops & Blouses/Polo Shirt,652
Kids/Boys 0-24 Mos/Accessories,648
Men/Shorts/Casual Shorts,648
Kids/Feeding/Breastfeeding,633
Beauty/Hair Care/Hair Color,631
Vintage & Collectibles/Bags and Purses/Purse,625
Handmade/Accessories/Keychain,621
Sports & Outdoors/Fan Shop/NBA,619
Kids/Car Seats & Accessories/Accessories,616
Women/Coats & Jackets/Peacoat,613
Vintage & Collectibles/Toy/Car,612
Handmade/Clothing/Corset,602
Home/Home Décor/Window Treatments,599
Sports & Outdoors/Exercise/Dance/Ballet,598
Home/Bedding/Comforters & Sets,593
Women/Sweaters/Collared,589
Women/Sweaters/Cowl Neck,587
Kids/Girls 2T-5T/Other,585
Other/Automotive/Tools & Equipment,581
"Women/Sweaters/Vest, Sleeveless",561
Other/Office supplies/Organization,557
Vintage & Collectibles/Clothing/Shorts,551
Other/Office supplies/Ink & Toner,546
Sports & Outdoors/Apparel/Girls,545
Vintage & Collectibles/Jewelry/Pendant,537
Women/Tops & Blouses/Wrap,533
Home/Kitchen & Dining/Cookware,529
Kids/Girls 2T-5T/One-Pieces,528
Other/Office supplies/Calendars,524
Sports & Outdoors/Team Sports/Soccer,522
Beauty/Tools & Accessories/Bags & Cases,520
Sports & Outdoors/Exercise/Yoga & Pilates,517
Kids/Boys 2T-5T/Other,509
Women/Coats & Jackets/Military,507
Men/Coats & Jackets/Fleece Jacket,507
Men/Athletic Apparel/Pants,506
Women/Skirts/Pleated,504
Home/Other/Other,503
Beauty/Tools & Accessories/Nail Tools,502
Women/Maternity/Jeans,497
Beauty/Other/Other,489
Kids/Toys/Sports & Outdoor Play,485
Sports & Outdoors/Footwear/Cleats,480
Vintage & Collectibles/Jewelry/Ring,478
Women/Coats & Jackets/Raincoat,475
Beauty/Hair Care/Conditioners,474
Home/Kitchen & Dining/Kitchen & Table Linens,467
Kids/Boys (4+)/Other,462
Beauty/Fragrance/Sets,461
Beauty/Hair Care/Shampoos,451
Vintage & Collectibles/Antique/Book,446
Home/Storage & Organization/Clothing & Closet Storage,446
Beauty/Makeup/Makeup Remover,445
Home/Cleaning Supplies/Air Fresheners,441
Men/Tops/Dress Shirts,435
Women/Coats & Jackets/Trench,434
Women/Sweaters/Scoop Neck,426
Vintage & Collectibles/Bags and Purses/Luggage,418
Kids/Pregnancy & Maternity/Breastfeeding Pillows & Stools,418
Men/Men's Accessories/Ties,417
Vintage & Collectibles/Jewelry/Necklace,414
Kids/Girls (4+)/Swimwear,413
Sports & Outdoors/Outdoors/Indoor/Outdoor Games,413
Vintage & Collectibles/Housewares/Cup,413
Beauty/Tools & Accessories/Mirrors,411
Vintage & Collectibles/Other/Other,410
Men/Shorts/Cargo,407
Kids/Boys 2T-5T/One-Pieces,407
Men/Tops/Tank,406
"Electronics/TV, Audio & Surveillance/Televisions",405
Sports & Outdoors/Outdoors/Skateboard,403
"Women/Pants/Khakis, Chinos",397
Sports & Outdoors/Outdoors/Fishing,397
Sports & Outdoors/Team Sports/Football,394
Other/Daily & Travel items/Household Supplies,394
Handmade/Paper Goods/Cards,392
Women/Maternity/Pants,392
Women/Suits & Blazers/Pant Suit,390
Home/Kids' Home Store/Kids' Room Décor,388
Kids/Toys/Other,388
Vintage & Collectibles/Supplies/Charm,387
Women/Jeans/Overalls,386
Handmade/Children/Baby,386
Women/Sweaters/Poncho,383
Women/Athletic Apparel/Jerseys,382
Home/Kitchen & Dining/Small Appliances,379
Handmade/Toys/Food,379
"Women/Sweaters/Turtleneck, Mock",376
Vintage & Collectibles/Housewares/Bowl,376
Handmade/Other/Other,373
Electronics/Media/VHS,367
"Electronics/TV, Audio & Surveillance/Home Speakers & Subwoofers",365
Sports & Outdoors/Other/Other,363
Kids/Boys (4+)/Accessories,362
Vintage & Collectibles/Toy/Electronic,349
Other/Automotive/Lights & Lighting Accessories,349
Beauty/Skin Care/Feet,349
Other/Books/Medical Books,348
Vintage & Collectibles/Jewelry/Brooch,339
Vintage & Collectibles/Toy/Doll,338
Vintage & Collectibles/Bags and Purses/Clutch,338
Beauty/Bath & Body/Bathing Accessories,332
Vintage & Collectibles/Jewelry/Bracelet,332
Other/Office supplies/Basic Supplies,329
Kids/Strollers/Accessories,329
Women/Skirts/Full Skirt,328
Sports & Outdoors/Golf/Golf Apparel,326
Women/Athletic Apparel/Other,326
Kids/Girls 2T-5T/Accessories,325
Sports & Outdoors/Exercise/Athletic Training,324
Electronics/Computers & Tablets/Networking & Connectivity,323
Women/Women's Handbags/Hobo,323
Kids/Girls 2T-5T/Swimwear,322
Men/Swimwear/Swim Trunks,319
"Men/Pants/Khakis, Chinos",319
Beauty/Hair Care/Styling Tools,317
"Electronics/Computers & Tablets/Printers, Scanners & Supplies",316
Handmade/Weddings/Decorations,315
Kids/Feeding/Other,314
"Home/Storage & Organization/Racks, Shelves & Drawers",313
Other/Automotive/Car Electronics & Accessories,310
Other/Books/Other,309
Home/Kitchen & Dining/Wine Accessories,305
Kids/Diapering/Wipes & Holders,304
Sports & Outdoors/Outdoors/Bike & Skate,302
Home/Home Décor/Clocks,301
"Kids/Gear/Swings, Jumpers & Bouncers",301
Women/Skirts/Other,300
Kids/Pregnancy & Maternity/Family Planning Tests,297
Handmade/Accessories/Pinback Button,296
Handmade/Bags and Purses/Tote,292
Kids/Car Seats & Accessories/Car Seats,291
Handmade/Paper Goods/Stationery,289
Sports & Outdoors/Outdoors/Snowboard,286
Sports & Outdoors/Outdoors/Water Sports,280
Other/Books/Religion & Spirituality,279
Home/Home Décor/Baskets,279
"Home/Bedding/Decorative Pillows, Inserts & Covers",278
Men/Coats & Jackets/Vest,277
Other/Automotive/Interior Accessories,273
Men/Coats & Jackets/Flight/Bomber,273
Women/Coats & Jackets/Parka,273
Handmade/Housewares/Wall Decor,271
Vintage & Collectibles/Accessories/Eyewear,269
"Vintage & Collectibles/Trading Cards/Sci-Fi, Fantasy",268
Women/Maternity/Other,263
Women/Sweaters/Sweatercoat,260
Kids/Girls 0-24 Mos/Swimwear,257
Vintage & Collectibles/Toy/Animal,253
Men/Coats & Jackets/Other,253
Beauty/Tools & Accessories/Waxing,252
Sports & Outdoors/Outdoors/Other,251
Handmade/Art/Painting,251
Men/Jeans/Relaxed,250
Vintage & Collectibles/Trading Cards/Vintage,248
Sports & Outdoors/Apparel/Women,248
Home/Seasonal Décor/Easter,246
Electronics/Cell Phones & Accessories/Batteries,239
Kids/Boys 2T-5T/Accessories,235
Home/Seasonal Décor/Valentine,235
Men/Shoes/Oxfords,234
Women/Underwear/Thermal Underwear,233
Handmade/Accessories/Gloves,233
Home/Storage & Organization/Baskets & Bins,233
Home/Home Décor/Other,232
Men/Coats & Jackets/Jean Jacket,231
Home/Bedding/Duvet Covers & Sets,230
Vintage & Collectibles/Supplies/Bead,228
Home/Artwork/Paintings,226
Sports & Outdoors/Golf/Men's Golf Clubs,225
Kids/Gear/Baby Seats,224
Handmade/Accessories/Pin,223
Home/Kitchen & Dining/Other,222
Kids/Bathing & Skin Care/Washcloths & Towels,222
"Electronics/TV, Audio & Surveillance/DVD & Blu-ray Players",222
Kids/Safety/Monitors,220
Home/Kids' Home Store/Kids' Bedding,220
Other/Books/Christian Books & Bibles,219
Home/Home Appliances/Vacuums & Floor Care,216
Men/Coats & Jackets/Motorcycle,216
Home/Kitchen & Dining/Kitchen Knives & Cutlery Accessories,215
Sports & Outdoors/Fan Shop/NHL,215
Kids/Bathing & Skin Care/Skin Care,215
Home/Home Décor/Area Rugs & Pads,214
Vintage & Collectibles/Bags and Purses/Change Purse,213
Handmade/Glass/Bottles,213
Home/Bath/Towels,211
Vintage & Collectibles/Electronics/Camera,207
Women/Tops & Blouses/Turtleneck,206
Other/Books/Arts & Photography,205
Other/Daily & Travel items/Stationery & Party Supplies,201
Home/Home Décor/Vases,199
Vintage & Collectibles/Supplies/Fabric,198
Electronics/Cameras & Photography/Lenses & Filters,197
Men/Tops/Other,197
Home/Seasonal Décor/Thanksgiving,196
Other/Pet Supplies/Cage,194
Kids/Gear/Baby Gyms & Playmats,186
Vintage & Collectibles/Toy/Other,184
Kids/Nursery/Nursery Décor,183
Kids/Toys/Novelty & Gag Toys,181
"Electronics/Car Audio, Video & GPS/GPS Units & Equipment",181
Other/Musical instruments/Microphones & Accessories,178
Other/Musical instruments/Guitars,178
Men/Shoes/Slippers,178
Women/Coats & Jackets/Wool,177
Other/Magazines/Lifestyle & Cultures,176
Women/Shoes/Oxfords,175
Vintage & Collectibles/Clothing/Jacket,174
Home/Kitchen & Dining/Water Coolers & Filters,173
Vintage & Collectibles/Supplies/Yarn,171
Electronics/Computers & Tablets/Desktops & All-In-Ones,170
"Electronics/TV, Audio & Surveillance/Home Surveillance",170
Men/Sweaters/Full Zip,169
Vintage & Collectibles/Jewelry/Earrings,167
Beauty/Tools & Accessories/Other,166
Handmade/Bags and Purses/Backpack,164
Men/Sweaters/V-Neck,159
Vintage & Collectibles/Jewelry/Other,159
Other/Daily & Travel items/Baby & Child Care,155
Vintage & Collectibles/Toy/Game,155
Men/Pants/Casual Pants,155
Home/Artwork/Drawings,154
Handmade/Art/Other,154
Handmade/Patterns/Sewing,154
Other/Musical instruments/Instrument Accessories,154
Kids/Boys 0-24 Mos/Swimwear,152
Handmade/Holidays/Halloween,151
Other/Books/Business & Money,149
Vintage & Collectibles/Home Decor/Wall Hanging,149
Handmade/Needlecraft/Supplies,148
Beauty/Bath & Body/Other,147
Women/Sweaters/Tunic,147
Home/Bedding/Quilts,146
Other/Books/Science & Math,146
Kids/Boys (4+)/Swimwear,146
Kids/Bathing & Skin Care/Bathing Tubs & Seats,143
Men/Pants/Other,143
Vintage & Collectibles/Trading Cards/Other,142
Vintage & Collectibles/Clothing/Swimwear,140
Men/Shorts/Athletic,140
Vintage & Collectibles/Antique/100 Years or Older,140
Women/Pants/Cargo,140
Sports & Outdoors/Exercise/Boxing & MMA,139
Men/Pants/Cargo,139
Vintage & Collectibles/Antique/Electronics,138
Women/Shoes/Work & Safety,138
Electronics/Cameras & Photography/Tripods & Supports,138
Men/Swimwear/Board Shorts,137
Handmade/Bags and Purses/Hip Bag,136
Handmade/Knitting/Knitting Supplies,134
Sports & Outdoors/Golf/Golf Balls,134
Handmade/Glass/Glassware,134
Electronics/Computers & Tablets/Other,132
Handmade/Accessories/Leg Warmers,131
"Electronics/Car Audio, Video & GPS/Car Stereos & Components",131
Other/Daily & Travel items/Other,130
Other/Books/Reference,130
Vintage & Collectibles/Collectibles/Porcelain,129
Vintage & Collectibles/Home Decor/Other,129
Kids/Gear/Shopping Cart Covers,129
Handmade/Weddings/Accessories,128
Sports & Outdoors/Team Sports/Basketball,127
Other/Books/Biographies & Memoirs,127
Women/Pants/Linen,126
Men/Sweaters/Other,126
Beauty/Hair Care/Hair Loss Products,125
Home/Bedding/Bed Pillows,123
Sports & Outdoors/Team Sports/Volleyball,121
Kids/Boys 2T-5T/Swimwear,121
Vintage & Collectibles/Book/Cookbook,119
Men/Coats & Jackets/Puffer,119
Vintage & Collectibles/Clothing/Dress,119
Other/Automotive/Motorcycle & Powersports,119
Handmade/Paper Goods/Journal,118
Women/Skirts/Asymmetrical,117
Beauty/Makeup/Other,116
Sports & Outdoors/Exercise/Strength training,114
Electronics/Cameras & Photography/Camcorders,114
Women/Shoes/Outdoor,114
Vintage & Collectibles/Serving/Salt and Pepper Shakers,110
Electronics/Media/Other,110
Kids/Feeding/Highchairs & Booster Seats,109
Vintage & Collectibles/Paper Ephemera/Stamps,108
Handmade/Pets/Collar,107
"Kids/Toys/Kids' Furniture, Décor & Storage",106
Vintage & Collectibles/Accessories/Other,106
Men/Athletic Apparel/Tracksuits & Sweats,106
Other/Musical instruments/Stringed Instruments,105
Vintage & Collectibles/Bags and Purses/Pouch,104
Vintage & Collectibles/Antique/Jewelry,103
Beauty/Hair Care/Other,103
Home/Home Appliances/Fans,102
Other/Office supplies/Other,102
Kids/Health & Baby Care/Teething Relief,101
Vintage & Collectibles/Jewelry/Watch,101
Kids/Diapering/Changing Pads & Covers,101
Kids/Health & Baby Care/Other,99
Women/Suits & Blazers/Skirt Suit,98
Kids/Potty Training/Potties & Seats,98
Sports & Outdoors/Team Sports/Tennis & Racquets,97
Beauty/Tools & Accessories/Tweezers,96
Kids/Pregnancy & Maternity/Prenatal Monitoring Devices,96
Men/Jeans/Other,96
Handmade/Holidays/Christmas,95
Home/Storage & Organization/Other,95
Home/Kitchen & Dining/Food Service Equipment & Supplies,95
Handmade/Accessories/Men,95
Men/Shorts/Denim,95
Beauty/Skin Care/Sets & Kits,94
Vintage & Collectibles/Antique/50 To 75 Years,92
Kids/Health & Baby Care/Toothbrushes,92
Handmade/Housewares/Home Decor,91
Vintage & Collectibles/Housewares/Glass,91
Women/Sweaters/Shrug,90
Kids/Strollers/Travel Systems,90
"Other/Musical instruments/DJ, Electronic Music & Karaoke",90
Vintage & Collectibles/Book/Fiction,89
Electronics/Cell Phones & Accessories/Other,89
Men/Pants/Dress - Flat Front,89
Handmade/Art/Print,88
Beauty/Tools & Accessories/Epilators,88
Men/Sweaters/Cardigan,87
Beauty/Fragrance/Kids,87
Kids/Health & Baby Care/Humidifiers & Vaporizers,85
Home/Bedding/Mattress Pads,84
Men/Coats & Jackets/Military,84
Men/Athletic Apparel/Other,83
Kids/Gear/Other,81
Handmade/Others/Magic,80
Men/Coats & Jackets/Rainwear,78
Women/Maternity/Sweaters,78
Men/Tops/Henley,77
Beauty/Skin Care/Other,76
Sports & Outdoors/Team Sports/Lacrosse,76
Home/Home Appliances/Humidifiers,76
Vintage & Collectibles/Clothing/Tshirt,76
"Electronics/TV, Audio & Surveillance/Home Audio",76
Handmade/Paper Goods/Notebook,75
Other/Musical instruments/Keyboards,74
Electronics/Video Games & Consoles/Strategy Guides,73
Handmade/Children/Art,73
Other/Musical instruments/Wind & Woodwind Instruments,73
Handmade/Crochet/Supplies,72
Handmade/Paper Goods/Gift Wrap,72
Women/Jeans/Relaxed,70
Home/Cleaning Supplies/Other,70
Kids/Health & Baby Care/Teethers,69
"Men/Shorts/Khakis, Chinos",69
Vintage & Collectibles/Clothing/Shirt,68
Handmade/Art/Drawings,66
Home/Storage & Organization/Laundry Storage & Organization,64
"Electronics/Car Audio, Video & GPS/GPS Accessories & Mounts",64
Vintage & Collectibles/Book/Children,64
Handmade/Others/Custom,64
Women/Jeans/Wide Leg,63
Vintage & Collectibles/Antique/Bags and Purses,63
Women/Coats & Jackets/Cape,63
Women/Athletic Apparel/Snowsuits & Bibs,63
Sports & Outdoors/Apparel/Men,62
Women/Pants/Leather,62
Handmade/Accessories/Scarf,62
Home/Home Appliances/Garment Steamers,61
Sports & Outdoors/Team Sports/All Other Sports,61
Kids/Nursery/Other,61
Handmade/Glass/Bowls,60
Men/Tops/Hawaiian,60
Women/Women's Handbags/Baguette,60
Women/Suits & Blazers/Other,59
Home/Home Appliances/Space Heaters,59
Home/Cleaning Supplies/Mopping,59
Electronics/Cameras & Photography/Binoculars & Telescopes,59
Handmade/Others/Religious,59
Vintage & Collectibles/Housewares/Other,59
Handmade/Accessories/Women,58
Handmade/Crochet/Hat,58
Sports & Outdoors/Exercise/Other,58
Women/Pants/Corduroys,57
Men/Shoes/Work & Safety,57
Kids/Diapering/Diaper Pails & Refills,57
Kids/Health & Baby Care/Thermometers,57
Sports & Outdoors/Team Sports/Hockey,56
Home/Cleaning Supplies/Paper Towels,56
Kids/Safety/Cabinet Locks & Straps,55
Vintage & Collectibles/Accessories/Hat,54
"Men/Jeans/Baggy, Loose",54
Handmade/Candles/Other,54
"Kids/Toys/Tricycles, Scooters & Wagons",54
Handmade/Glass/Sculptures,53
Other/Musical instruments/Amplifiers & Effects,52
Men/Coats & Jackets/Parka,52
Kids/Gear/Walkers,51
Kids/Bathing & Skin Care/Soaps & Cleansers,51
Vintage & Collectibles/Bags and Purses/Formal,51
Handmade/Woodworking/Home Decor,51
Handmade/Others/Personalized,50
Men/Shoes/Outdoor,50
Handmade/Accessories/Apron,49
Home/Furniture/Living Room Furniture,49
Other/Books/History,49
Vintage & Collectibles/Toy/Children,49
Men/Sweats & Hoodies/Track & Sweat Suits,49
Handmade/Toys/Other,49
Vintage & Collectibles/Accessories/Shoes,48
Handmade/Glass/Ornaments,48
Electronics/Video Games & Consoles/Replacement Parts & Tools,48
Men/Swimwear/Swim Briefs,48
Handmade/Bags and Purses/Pouch,47
Sports & Outdoors/Golf/Other,47
Men/Sweats & Hoodies/Track Jacket,47
Sports & Outdoors/Fan Shop/Other,47
Handmade/Bags and Purses/Laptop,46
Beauty/Skin Care/Maternity,46
Home/Home Appliances/Irons & Ironing Boards,46
Other/Books/Politics & Social Sciences,46
Other/Automotive/Car Care,46
Other/Musical instruments/Drums & Percussion,45
Handmade/Clothing/Tshirt,45
Kids/Potty Training/Training Pants,45
Home/Bedding/Bedspreads & Coverlets,45
Men/Suits/Two Button,45
Handmade/Others/Other,44
Men/Coats & Jackets/Varsity/Baseball,44
Vintage & Collectibles/Book/Poetry,44
Handmade/Art/Printmaking,44
Vintage & Collectibles/Clothing/Skirt,44
Handmade/Needlecraft/Cross Stitch,43
Women/Sweaters/Wrap,43
Vintage & Collectibles/Book/Crafting,43
Handmade/Holidays/Valentine,42
Vintage & Collectibles/Supplies/Cabochon,42
Vintage & Collectibles/Housewares/Coaster,42
Vintage & Collectibles/Antique/75 To 100 Years,42
Home/Home Appliances/Air Conditioners,42
Other/Magazines/Other,42
"Men/Shorts/Board, Surf",42
Men/Blazers & Sport Coats/Two Button,42
Vintage & Collectibles/Supplies/Other,41
Home/Artwork/Other,41
Electronics/Cameras & Photography/Lighting & Studio,41
Handmade/Pets/Pet Lover,41
Beauty/Hair Care/Shampoo Plus Conditioner,41
Vintage & Collectibles/Book/Nonfiction,41
Men/Shorts/Other,41
"Electronics/TV, Audio & Surveillance/Other",40
Handmade/Accessories/Other,40
Home/Storage & Organization/Kitchen Storage & Organization,40
Kids/Gear/Playards,40
Men/Coats & Jackets/Peacoat,40
Vintage & Collectibles/Electronics/Radio,39
Kids/Safety/Harnesses & Leashes,39
Women/Maternity/Athletic Apparel,39
Kids/Pregnancy & Maternity/Other,39
Beauty/Fragrance/Other,39
"Electronics/Car Audio, Video & GPS/Other Accessories",38
Handmade/Woodworking/Signs,37
Men/Sweats & Hoodies/Other,37
Home/Cleaning Supplies/Gloves,36
Vintage & Collectibles/Home Decor/Candle Holder,36
Vintage & Collectibles/Trading Cards/Comic,35
Handmade/Weddings/Cake Toppers,35
Handmade/Weddings/Favors,35
Vintage & Collectibles/Clothing/Other,35
Vintage & Collectibles/Accessories/Buckle,34
Handmade/Needlecraft/Embroidery,34
Vintage & Collectibles/Book/Other,34
Home/Storage & Organization/Bathroom Storage & Organization,33
Men/Coats & Jackets/Wool,33
Men/Sweaters/Polo,33
Men/Pants/Carpenter,33
Home/Home Décor/Mirrors,33
Kids/Gear/Travel Beds,32
Vintage & Collectibles/Book/Health,32
Kids/Bathing & Skin Care/Other,32
Vintage & Collectibles/Serving/Teacup,32
Home/Furniture/Bedroom Furniture,32
Kids/Bathing & Skin Care/Shampoo,32
Vintage & Collectibles/Home Decor/Planter,32
Handmade/Geekery/Accessory,31
Home/Kids' Home Store/Kids' Furniture,31
Home/Cleaning Supplies/Trash Bags,31
Home/Home Appliances/Air Purifiers,31
Vintage & Collectibles/Housewares/Plate,31
Handmade/Housewares/Magnets,31
Home/Seasonal Décor/St Patrick's,31
"Electronics/Car Audio, Video & GPS/Car Speakers & Systems",30
Kids/Feeding/Gift Sets,30
Men/Coats & Jackets/Trench,30
Women/Athletic Apparel/Vests,30
Women/Skirts/Wrap,30
"Electronics/Car Audio, Video & GPS/Car Video",30
Vintage & Collectibles/Paper Ephemera/Other,29
Handmade/Crochet/Accessories,29
Handmade/Music/Tape,29
Handmade/Paper Goods/Papermaking,29
Handmade/Geekery/Science,28
Home/Furniture/Home Office Furniture,28
Home/Seasonal Décor/Other,28
Vintage & Collectibles/Clothing/Shawl,28
Vintage & Collectibles/Toy/Puzzle,28
Other/Office supplies/Paper,28
Other/Musical instruments/Studio Recording Equipment,28
"Home/Bedding/Shams, Bed Skirts & Bed Frame Draperies",28
Handmade/Clothing/Shirt,27
Handmade/Children/Clothing,27
Kids/Safety/Outdoor Safety,27
Vintage & Collectibles/Clothing/Pants,26
Women/Coats & Jackets/Poncho,26
Handmade/Music/Poster,26
Home/Bath/Other,26
Men/Sweaters/Vest,26
Other/Automotive/Other,26
Electronics/Video Games & Consoles/Other,25
Vintage & Collectibles/Clothing/Corset,25
Women/Sweaters/Henley,25
Handmade/Jewelry/Other,25
Kids/Pregnancy & Maternity/Maternity Pillows,24
Handmade/Weddings/Bouquets,24
Vintage & Collectibles/Home Decor/Vase,24
Kids/Health & Baby Care/Nasal Aspirators,24
Vintage & Collectibles/Home Decor/Lighting,24
Men/Athletic Apparel/Snowsuits & Bibs,24
Other/Automotive/Tires & Wheels,23
Sports & Outdoors/Golf/Golf Shoes,23
Handmade/Pets/Clothing,23
Vintage & Collectibles/Home Decor/Frame,23
Women/Maternity/Skirts,23
Sports & Outdoors/Footwear/Women,23
Home/Bath/Bath Rugs,23
Men/Jeans/Carpenter,23
Vintage & Collectibles/Antique/Toy,22
Handmade/Crochet/Other,22
Sports & Outdoors/Golf/Electronics,22
Vintage & Collectibles/Electronics/Other,22
Electronics/Cameras & Photography/Other,22
Vintage & Collectibles/Antique/Home Decor,21
Handmade/Glass/Stained Glass,21
Sports & Outdoors/Apparel/Other,21
Vintage & Collectibles/Bags and Purses/Other,21
Women/Suits & Blazers/Dress Suit,21
"Electronics/Car Audio, Video & GPS/Car Subwoofers",21
Men/Shorts/Dress Shorts,21
Kids/Nursery/Furniture,21
Other/Automotive/Automotive Enthusiast Merchandise,21
Home/Furniture/Other,20
Men/Pants/Dress - Pleat,20
Handmade/Patterns/Crochet,20
Home/Bedding/Other,20
Men/Sweaters/Turtleneck,20
Other/Musical instruments/Other,20
Handmade/Children/Accessories,20
Sports & Outdoors/Golf/Golf Bags,20
Beauty/Tools & Accessories/Toiletry Kits,20
Handmade/Books and Zines/Book,20
Handmade/Paper Goods/Other,20
Vintage & Collectibles/Paper Ephemera/Postcard,20
Sports & Outdoors/Footwear/Kids,20
Kids/Gear/Activity Centers & Entertainers,20
Vintage & Collectibles/Accessories/Cuff Links,20
Home/Seasonal Décor/Birthday,19
Home/Bedding/Inflatable Beds,19
Vintage & Collectibles/Book/Instructional,19
Vintage & Collectibles/Home Decor/Basket,19
Home/Home Appliances/Refrigerators,19
Vintage & Collectibles/Serving/Teapot,19
Home/Furniture/Other Furniture,19
Other/Automotive/Performance Parts & Accessories,19
Women/Skirts/Peasant,18
Kids/Bathing & Skin Care/Grooming & Healthcare Kits,18
Other/Musical instruments/Brass Instruments,18
Handmade/Pets/Feeding,18
Vintage & Collectibles/Housewares/Magnet,18
Vintage & Collectibles/Serving/Plate,18
Vintage & Collectibles/Accessories/Brooch,18
Home/Kids' Home Store/Other,18
Kids/Strollers/Lightweight,18
Vintage & Collectibles/Book/How to,17
Handmade/Ceramics and Pottery/Kitchen,17
Home/Artwork/Photographs,17
Handmade/Clothing/Women,17
Handmade/Weddings/Other,17
Handmade/Art/Sculptures,17
Handmade/Glass/Supplies,16
Women/Maternity/Coats & Jackets,16
Vintage & Collectibles/Book/History,16
Vintage & Collectibles/Accessories/Scarf,16
Vintage & Collectibles/Home Decor/Tray,16
Handmade/Holidays/Birthday,16
Home/Home Appliances/Washers & Dryers,16
Handmade/Knitting/Blanket,16
Kids/Bathing & Skin Care/Bubble Bath,16
Vintage & Collectibles/Supplies/Button,15
Handmade/Accessories/Hat,15
Kids/Strollers/Standard,15
Men/Shoes/Mules & Clogs,15
Men/Jeans/Overalls,15
Handmade/Quilts/Patch,15
Vintage & Collectibles/Home Decor/Box,15
Vintage & Collectibles/Antique/Housewares,15
Vintage & Collectibles/Toy/Block,15
Handmade/Geekery/Gadget,15
Handmade/Geekery/Toy,15
Handmade/Music/Instrument,15
Handmade/Crochet/Doll,15
Handmade/Crochet/Clothing,15
Vintage & Collectibles/Book/Art,15
Handmade/Art/Photography,14
Kids/Safety/Other,14
"Vintage & Collectibles/Trading Cards/Action, Adventure",14
Kids/Diapering/Other,14
Vintage & Collectibles/Serving/Cream and Sugar Set,14
Handmade/Pets/Grooming,14
Home/Cleaning Supplies/Dusting,13
Kids/Safety/Sleep Positioners,13
Handmade/Glass/Home Decor,13
Handmade/Pets/Accessories,13
Vintage & Collectibles/Accessories/Wallet,13
Kids/Car Seats & Accessories/Other,13
Home/Bath/Bath Linen Sets,13
Men/Blazers & Sport Coats/Three Button,13
Handmade/Ceramics and Pottery/Home Decor,13
"Home/Artwork/Lithographs, Etchings & Woodcuts",13
Vintage & Collectibles/Accessories/Belt,12
"Electronics/Car Audio, Video & GPS/Other",12
Kids/Diapering/Powders & Lotions,12
Home/Home Décor/Slipcovers,12
Handmade/Books and Zines/Journal,12
Handmade/Accessories/Wallet,12
Vintage & Collectibles/Clothing/Baby,12
Vintage & Collectibles/Book/Reference,12
Handmade/Art/Mixed Media,12
Women/Skirts/Tiered,12
Vintage & Collectibles/Accessories/Gloves,12
Vintage & Collectibles/Clothing/Outerwear,12
Handmade/Music/Other,12
Home/Storage & Organization/Garage Storage & Organization,12
Vintage & Collectibles/Antique/Other,12
Home/Home Appliances/Dehumidifiers,11
Sports & Outdoors/Footwear/Men,11
Home/Kitchen & Dining/Home Brewing & Wine Making,11
Vintage & Collectibles/Serving/Flatware,11
Kids/Safety/Gates & Doorways,11
Vintage & Collectibles/Book/Biography,11
Beauty/Tools & Accessories/Bathing Accessories,11
Handmade/Needlecraft/Accessories,11
Handmade/Needlecraft/Pillow,11
Vintage & Collectibles/Electronics/Clock,11
Vintage & Collectibles/Serving/Glassware,11
Electronics/Cameras & Photography/Flashes & Flash Accessories,11
Handmade/Glass/Beads,11
Handmade/Others/Graphic Design,11
Vintage & Collectibles/Serving/Dinnerware Set,11
Kids/Strollers/Other,10
Other/Automotive/Replacement Parts,10
Kids/Health & Baby Care/Sun Protection,10
Handmade/Weddings/Guest Books,10
Women/Skirts/Bubble,10
Handmade/Housewares/Kitchen,10
Kids/Health & Baby Care/Nail Care,10
Vintage & Collectibles/Supplies/Finding,10
Kids/Feeding/Pillows & Stools,10
Home/Home Appliances/Microwaves,10
Handmade/Books and Zines/Bookmark,10
Handmade/Weddings/Clothing,10
Handmade/Pets/Small Animal,10
Home/Bedding/Bed in a Bag,10
Men/Suits/Three Button,10
Kids/Gear/Harnesses & Leashes,10
Handmade/Glass/Other,9
Handmade/Bags and Purses/Clutch,9
Home/Cleaning Supplies/Sweeping,9
Men/Tops/Turtleneck,9
Handmade/Housewares/Pillows,9
Handmade/Holidays/Other,9
Handmade/Crochet/Afghan,9
Vintage & Collectibles/Antique/Accessories,9
Men/Athletic Apparel/Vests,9
Handmade/Dolls and Miniatures/Scale Dollhouse Miniature,9
Home/Furniture/Home Entertainment Furniture,9
"Electronics/Car Audio, Video & GPS/Car Security & Convenience",9
Kids/Safety/Electrical Safety,8
Vintage & Collectibles/Clothing/Tank,8
Men/Pants/Corduroys,8
Vintage & Collectibles/Book/Religion,8
Vintage & Collectibles/Electronics/Telephone,8
Handmade/Dolls and Miniatures/Art Doll,8
Handmade/Jewelry/Music,8
Vintage & Collectibles/Bags and Purses/Tote,8
Sports & Outdoors/Exercise/Bowling,8
Men/Blazers & Sport Coats/One Button,8
Handmade/Weddings/Invitations,8
Handmade/Crochet/Housewares,8
Handmade/Woodworking/Toys,8
Kids/Potty Training/Other,8
Other/Musical instruments/Band & Orchestra,8
Handmade/Holidays/Easter,8
Handmade/Accessories/Eyewear,8
Vintage & Collectibles/Supplies/Trim,8
Kids/Strollers/Joggers,8
Vintage & Collectibles/Bags and Purses/Case,8
Handmade/Toys/Plush,7
Kids/Safety/Kitchen Safety,7
Handmade/Housewares/Other,7
Kids/Strollers/Prams,7
Other/Office supplies/Presentation,7
Handmade/Patterns/Knitting,7
Handmade/Needlecraft/Pattern,7
Handmade/Pets/Leash,7
Handmade/Weddings/Jewelry,7
Vintage & Collectibles/Housewares/Tray,7
Vintage & Collectibles/Accessories/Apron,7
Vintage & Collectibles/Clothing/Children,7
Handmade/Needlecraft/Other,7
Handmade/Paper Goods/Calendar,7
Men/Jeans/Cargo,7
Handmade/Music/Equipment,7
Handmade/Toys/Children,7
Vintage & Collectibles/Supplies/Pattern,7
Handmade/Pets/Bed,7
Home/Kids' Home Store/Nursery Décor,6
Handmade/Children/Other,6
Kids/Bathing & Skin Care/Bathroom Safety,6
Handmade/Glass/Paperweights,6
Handmade/Children/Toddler,6
Handmade/Candles/Sticker,6
Handmade/Art/Illustration,6
Handmade/Clothing/Other,6
Handmade/Woodworking/Other,6
Vintage & Collectibles/Book/Illustrated,6
Sports & Outdoors/Footwear/Other,6
Home/Seasonal Décor/Day of the Dead,6
Kids/Diapering/Diaper Stackers & Caddies,6
Vintage & Collectibles/Serving/Casserole,6
Vintage & Collectibles/Serving/Other,6
Handmade/Paper Goods/Tag,6
Handmade/Pets/Bowl,6
Handmade/Pets/Toy,6
Women/Jeans/Cargo,6
Handmade/Geekery/Other,5
Handmade/Ceramics and Pottery/Bowls,5
Vintage & Collectibles/Serving/Bowl,5
Handmade/Children/Jewelry,5
Home/Cleaning Supplies/Sponges,5
Men/Suits/Tuxedo,5
Handmade/Dolls and Miniatures/Figurines,5
Handmade/Paper Goods/Origami,5
Kids/Bathing & Skin Care/Travel Bathing Kits,5
Home/Home Appliances/Water Coolers & Filters,5
Home/Cleaning Supplies/Brushes,5
Handmade/Ceramics and Pottery/Other,5
Other/Books/Engineering & Transportation,5
Home/Seasonal Décor/Patriotic,5
Vintage & Collectibles/Electronics/Television,5
Other/Musical instruments/Bass Guitars,5
Handmade/Housewares/Lighting,5
Vintage & Collectibles/Electronics/Game,5
"Vintage & Collectibles/Trading Cards/Historical, Military",5
Handmade/Paper Goods/Bookmark,5
Sports & Outdoors/Outdoors/Boating,5
Handmade/Pets/Other,5
Vintage & Collectibles/Housewares/Table,5
Vintage & Collectibles/Antique/Supplies,5
Vintage & Collectibles/Bags and Purses/Leather,5
Handmade/Weddings/Men,5
Handmade/Geekery/Jewelry,5
Home/Furniture/Home Bar Furniture,5
Beauty/Hair Care/Hair Perms & Texturizers,5
Handmade/Ceramics and Pottery/Planters,5
Home/Bath/Bathroom Furniture Sets,5
Men/Blazers & Sport Coats/Other,5
Handmade/Bags and Purses/Novelty,5
Vintage & Collectibles/Home Decor/Linens,4
Handmade/Weddings/Pillows,4
Handmade/Quilts/Other,4
Handmade/Crochet/Bags and Purses,4
Men/Athletic Apparel/Competitive Swimwear,4
Sports & Outdoors/Golf/Women's Golf Clubs,4
Handmade/Accessories/Case,4
Handmade/Patterns/Handmade,4
Handmade/Weddings/Cards,4
Handmade/Dolls and Miniatures/Miniature,4
Vintage & Collectibles/Antique/Paper Ephemera,4
Home/Seasonal Décor/New Year's,4
Home/Bedding/Feather Beds,4
Handmade/Woodworking/Boxes,4
Home/Kids' Home Store/Nursery Bedding,4
Handmade/Patterns/Doll Clothing,4
Vintage & Collectibles/Paper Ephemera/Game,4
Handmade/Dolls and Miniatures/Fashion Dolls Apparel,4
Vintage & Collectibles/Housewares/Light,4
Handmade/Weddings/Candles,4
Vintage & Collectibles/Clothing/Blouse,4
Handmade/Glass/Jewelry,4
Handmade/Toys/Game,4
Vintage & Collectibles/Book/Science,4
Home/Cleaning Supplies/Jewelry Boxes & Organizers,4
Home/Storage & Organization/Holiday Décor Storage,4
Home/Kids' Home Store/Kids' Bath,4
Other/Musical instruments/Live Sound & Stage,4
Handmade/Dolls and Miniatures/Scale Models,4
Home/Storage & Organization/Trash & Recycling,4
Handmade/Clothing/Dress,4
Handmade/Dolls and Miniatures/Human Figure Doll,4
Home/Seasonal Décor/Hanukkah,4
Handmade/Knitting/Other,4
Men/Suits/Other,4
Handmade/Art/Collages,3
Home/Kids' Home Store/Kids' Flatware,3
Vintage & Collectibles/Home Decor/Bedding,3
Home/Furniture/Replacement Parts,3
Handmade/Geekery/Fantasy,3
Handmade/Woodworking/Jewelry,3
Kids/Diapering/Changing Kits,3
Vintage & Collectibles/Serving/Pitcher,3
Handmade/Woodworking/Burning,3
Beauty/Hair Care/Hair Relaxers,3
Handmade/Ceramics and Pottery/Coasters,3
Vintage & Collectibles/Toy/Sport,3
Vintage & Collectibles/Housewares/Box,3
Home/Home Décor/Fireplaces & Accessories,3
Handmade/Accessories/Watch,3
Handmade/Needlecraft/Felted,3
Handmade/Ceramics and Pottery/Vases,3
Vintage & Collectibles/Book/Scifi,3
Vintage & Collectibles/Home Decor/Pillow,3
Vintage & Collectibles/Paper Ephemera/Advertisement,3
Handmade/Needlecraft/Doll,3
Vintage & Collectibles/Furniture/Fixture,3
Vintage & Collectibles/Accessories/Handkerchief,3
Handmade/Clothing/Children,3
Handmade/Needlecraft/Needlepoint,3
Vintage & Collectibles/Furniture/Chair,3
Handmade/Ceramics and Pottery/Supplies,3
"Men/Shorts/Carpenter, Utility",3
Handmade/Patterns/Other,3
Vintage & Collectibles/Supplies/Chain,3
Home/Storage & Organization/Storage Cabinets,3
Other/Automotive/Oils & Fluids,3
Beauty/Tools & Accessories/Cotton & Swabs,3
Home/Home Appliances/Freezers & Ice Makers,3
Vintage & Collectibles/Serving/Tray,3
Handmade/Books and Zines/Other,3
Vintage & Collectibles/Serving/Butter Dish,3
Handmade/Quilts/Baby,3
Beauty/Tools & Accessories/Hair Coloring Tools,3
Vintage & Collectibles/Bags and Purses/Diaper Bag,3
Handmade/Patterns/Beading,2
Kids/Gear/Bicycle Child Seats & Trailers,2
Handmade/Quilts/Wall Hanging,2
Handmade/Dolls and Miniatures/Fantasy,2
Handmade/Housewares/Office,2
Vintage & Collectibles/Accessories/Necktie,2
Kids/Safety/Edge & Corner Guards,2
Handmade/Geekery/Horror,2
Home/Home Décor/Doormats,2
Handmade/Pets/House,2
Kids/Bathing & Skin Care/Conditioners,2
Handmade/Knitting/Accessories,2
Sports & Outdoors/Team Sports/Badminton,2
Vintage & Collectibles/Accessories/Compact,2
Handmade/Weddings/Just Married,2
Handmade/Candles/Scrapbooking,2
Vintage & Collectibles/Bags and Purses/Wallet,2
Handmade/Knitting/Hat,2
Other/Office supplies/Furniture,2
Vintage & Collectibles/Serving/Platter,2
Handmade/Dolls and Miniatures/Other,2
Handmade/Dolls and Miniatures/Plush,2
"Other/Automotive/Paint, Body & Trim",2
Handmade/Quilts/Patchwork,2
Sports & Outdoors/Exercise/Track & Field,2
Women/Maternity/Suits & Blazers,2
Handmade/Glass/Dishes,2
Handmade/Patterns/Quilt,2
Home/Home Décor/Draft Stoppers,2
Kids/Potty Training/Step Stools,2
Vintage & Collectibles/Antique/Serving,2
Handmade/Dolls and Miniatures/Animals,2
Handmade/Accessories/Necktie,2
Vintage & Collectibles/Trading Cards/Price Guides & Publications,2
Handmade/Geekery/Humor,2
Kids/Safety/Safety Caps,2
Kids/Gear/Playard Bedding,2
Kids/Bathing & Skin Care/Non-Slip Bath Mats,2
Men/Coats & Jackets/Poncho,2
Handmade/Housewares/Entertaining/Serving,2
Handmade/Geekery/Magic,2
Handmade/Clothing/Shoes,2
Handmade/Crochet/Scarf,2
Vintage & Collectibles/Housewares/Pot Holder,2
Handmade/Woodworking/Carving,2
Kids/Potty Training/Seat Covers,2
Handmade/Patterns/Cross Stitch,2
Handmade/Quilts/Fabric Postcard,2
Handmade/Jewelry/Books and Zines,2
Handmade/Woodworking/Outdoor,2
Handmade/Candles/Stationery,2
Kids/Safety/Crib Netting,1
Handmade/Art/Aceo,1
Handmade/Furniture/Fixture,1
Handmade/Toys/Doll Clothes,1
Handmade/Patterns/Painting,1
Handmade/Woodworking/Seasonal,1
Handmade/Housewares/Cleaning,1
Handmade/Knitting/Doll,1
Handmade/Knitting/Scarf,1
Handmade/Weddings/Frames,1
Handmade/Ceramics and Pottery/Jewelry,1
Home/Home Décor/Doorstops,1
Handmade/Woodworking/Supplies,1
Handmade/Bags and Purses/Wallet,1
Handmade/Glass/Vases,1
Handmade/Accessories/Mirror,1
Home/Bath/Bathroom Shelves,1
Handmade/Woodworking/Sculptures,1
Handmade/Accessories/Belt,1
Vintage & Collectibles/Antique/Furniture,1
Handmade/Furniture/Shelf,1
Handmade/Housewares/Bathroom,1
Kids/Diapering/Washcloths & Towels,1
Handmade/Quilts/Trim,1
Handmade/Paper Goods/Pad,1
Men/Blazers & Sport Coats/Double Breasted,1
Handmade/Children/Furniture,1
Vintage & Collectibles/Paper Ephemera/Map,1
Handmade/Geekery/Videogame,1
Handmade/Woodworking/Sports,1
Other/Pet Supplies/Pet Food,1
Handmade/Bags and Purses/Diaper Bag,1
Handmade/Dolls and Miniatures/Primitive,1
Handmade/Quilts/Bed,1
Handmade/Housewares/Storage Solutions,1
Handmade/Pets/Tag,1
Handmade/Ceramics and Pottery/Sculptures,1
Men/Suits/One Button,1
Handmade/Holidays/New Years,1
Handmade/Glass/Mirrors,1
Handmade/Bags and Purses/Other,1
Handmade/Patterns/Baby,1
Handmade/Quilts/Pillow,1
Handmade/Weddings/Something Blue,1
Handmade/Furniture/Other,1
Handmade/Toys/Bear,1
Handmade/Knitting/Cozy,1
Home/Home Appliances/Garbage Disposals,1
Vintage & Collectibles/Supplies/Ephemera,1
Other/Magazines/International Publications,1
Handmade/Toys/Sports,1
Vintage & Collectibles/Housewares/Towel,1
Handmade/Needlecraft/Clothing,1
Other/Automotive/RV Parts & Accessories,1
Handmade/Accessories/Cuff,1
Vintage & Collectibles/Furniture/Entertainment,1
Handmade/Holidays/St Patricks,1
Handmade/Accessories/Cozy,1
Handmade/Geekery/Housewares,1
Handmade/Patterns/Accessories,1
Home/Kids' Home Store/Nursery Furniture,1
Kids/Safety/Bathroom Safety,1
Vintage & Collectibles/Book/Decorating,1
Vintage & Collectibles/Furniture/Storage,1
Handmade/Books and Zines/Comic,1
Vintage & Collectibles/Supplies/Zipper,1
Handmade/Pets/Blanket,1
Handmade/Dolls and Miniatures/Child Friendly,1
Handmade/Ceramics and Pottery/Tiles,1
Handmade/Jewelry/Clothing,1
Handmade/Knitting/Women,1
Handmade/Others/Educational,1
Handmade/Holidays/Thanksgiving,1
Vintage & Collectibles/Furniture/Other,1
Home/Home Appliances/Dishwashers,1
Vintage & Collectibles/Furniture/Shelf,1
Men/Suits/Four Button,1
Handmade/Dolls and Miniatures/Artist Bears,1
Handmade/Woodworking/Accessories,1
Handmade/Patterns/Embroidery,1
Handmade/Knitting/Bags and Purses,1
Handmade/Weddings/Bags and Purses,1
Handmade/Holidays/Patriotic,1
Home/Furniture/Bathroom Furniture,1
